Time,RPM,MAP,TP,lambda,MAT,CLT,Gego,Gwarm,Gbaro,Gammae,TPSacc,Gve,PW,PW_raw,IacDC,IacSteps,DutyCycle1,lambdaTarget,Spark,Dwell,EGT #1,Vbatt,IacInt,speed_rpm_ratio,altitude,speed,course,distance,distance_sum,inst_Vems,torque,torque_nominal,L100km,lambda_corr_ego,lambda_corr_ego,afr_diff,corrected_ve
0,2021,68.5,1.2,0.991,27,84,95,100,100,98,0,90,4.608,3.844,18,47,7.8,1,5,4.03,772,12.12,123,0,0,0,0,0,0,3.03,11.882,10.115,255,0.942,0.942,1.009,84.772
0.015,1990,67,1.2,0.987,27,84,95,100,100,98,0,90,4.528,3.764,18,47,7.5,1,5,4.03,772,12.12,123,0,0,0,0,0,0,2.921,11.586,9.818,255,0.938,0.938,1.013,84.409
0.062,2013,67.3,1.2,1.006,27,84,95,100,100,98,0,90,4.52,3.764,18,47,7.6,1,5,4.03,772,12.24,123,0,0,0,0,0,0,2.955,11.29,9.52,255,0.956,0.956,0.994,86.046
0.109,1997,81.3,1.2,1.009,27,84,95,100,100,98,0,90,5.319,4.548,18,47,8.9,1,5,4.03,772,12,123,0,0,0,0,0,0,3.542,12.278,10.512,255,0.958,0.958,0.992,86.228
0.156,1979,67.5,1.2,1.011,27,84,95,100,100,98,0,90,4.552,3.796,18,47,7.5,1,5,4.03,772,12.24,123,0,0,0,0,0,0,2.93,11.685,9.917,255,0.96,0.96,0.989,86.41
0.203,1984,55.5,1.2,1.009,27,84,95,100,100,98,0,90,3.876,3.12,18,47,6.4,1,5,4.03,772,12.24,123,0,0,0,0,0,0,2.414,12.475,10.71,255,0.958,0.958,0.992,86.228
0.25,2029,67.8,1.2,1.002,27,84,95,100,100,98,0,90,4.552,3.796,18,46,7.7,1,5,4.03,772,12.24,123,0,0,0,0,0,0,3.004,11.981,10.214,255,0.952,0.952,0.998,85.682
0.297,1988,80.8,1.2,0.996,27,84,95,100,100,98,0,90,5.292,4.536,18,46,8.8,1,5,4.03,772,12.24,123,0,0,0,0,0,0,3.517,11.981,10.214,255,0.946,0.946,1.004,85.136
0.343,2017,67.5,1.2,0.989,27,84,95,100,100,98,0,90,4.56,3.796,18,47,7.7,1,5,4.03,772,12.12,123,0,0,0,0,0,0,2.986,11.685,9.917,255,0.94,0.94,1.011,84.59
0.39,1998,54.5,1.2,0.996,27,84,95,100,100,98,0,90,3.82,3.056,18,47,6.4,1,5,4.03,772,12.12,123,0,0,0,0,0,0,2.381,11.487,9.718,255,0.946,0.946,1.004,85.136
0.437,1998,55.3,1.2,1,27,84,95,100,100,98,0,90,3.856,3.092,18,46,6.4,1,5,4.03,772,12.12,123,0,0,0,0,0,0,2.409,11.882,10.115,255,0.95,0.95,1,85.5
0.484,2027,67.8,1.2,1,27,84,95,100,100,98,0,90,4.552,3.796,18,46,7.7,1,5,4.03,772,12.24,123,0,0,0,0,0,0,3.001,11.882,10.115,255,0.95,0.95,1,85.5
0.531,1989,80.5,1.2,1,27,84,95,100,100,98,0,90,5.3,4.536,18,46,8.8,1,5,4.03,772,12.12,123,0,0,0,0,0,0,3.519,11.784,10.016,255,0.95,0.95,1,85.5
0.578,2017,67,1.2,0.998,27,84,95,100,100,98,0,90,4.52,3.764,18,46,7.6,1,5,4.03,772,12.24,123,0,0,0,0,0,0,2.961,11.981,10.214,255,0.948,0.948,1.002,85.318
0.625,2026,55,1.2,0.996,27,84,95,100,100,98,0,90,3.856,3.092,18,46,6.5,1,5,4.03,772,12.12,123,0,0,0,0,0,0,2.443,11.882,10.115,255,0.946,0.946,1.004,85.136
0.672,2022,67.3,1.2,0.998,27,84,95,100,100,98,0,90,4.52,3.764,18,46,7.6,1,5,4.03,772,12.24,123,0,0,0,0,0,0,2.968,11.29,9.52,255,0.948,0.948,1.002,85.318
0.718,1989,80.5,1.2,0.996,27,84,95,100,100,98,0,90,5.307,4.536,18,46,8.8,1,5,4.03,772,12,123,0,0,0,0,0,0,3.519,12.574,10.809,255,0.946,0.946,1.004,85.136
0.765,2009,67,1.2,1.002,27,84,95,100,100,98,0,90,4.52,3.764,18,46,7.6,1,5,4.03,772,12.24,123,0,0,0,0,0,0,2.949,11.882,10.115,255,0.952,0.952,0.998,85.682
0.812,2009,67,1.2,1,27,84,95,100,100,98,0,90,4.528,3.764,18,46,7.6,1,5,4.03,772,12.12,123,0,0,0,0,0,0,2.949,11.882,10.115,255,0.95,0.95,1,85.5
0.859,2013,55.5,1.2,0.998,27,84,95,100,100,98,0,90,3.884,3.12,18,47,6.5,1,5,4.03,772,12.12,123,0,0,0,0,0,0,2.449,11.981,10.214,255,0.948,0.948,1.002,85.318
0.906,2022,67.3,1.2,0.998,27,84,95,100,100,98,0,90,4.52,3.764,18,47,7.6,1,5,4.03,772,12.24,123,0,0,0,0,0,0,2.968,11.784,10.016,255,0.948,0.948,1.002,85.318
0.953,1989,80.3,1.2,0.998,27,84,95,100,100,98,0,90,5.264,4.5,18,47,8.7,1,5,4.03,772,12.12,123,0,0,0,0,0,0,3.491,11.784,10.016,255,0.948,0.948,1.002,85.318
1,2007,67.5,1.2,0.998,27,84,95,100,100,98,0,90,4.552,3.796,18,47,7.6,1,5,4.03,772,12.24,123,0,0,0,0,0,0,2.971,11.882,10.115,255,0.948,0.948,1.002,85.318
1.047,1992,55,1.2,0.991,27,84,95,100,100,98,0,90,3.856,3.092,18,46,6.4,1,5,4.03,772,12.12,123,0,0,0,0,0,0,2.402,12.08,10.313,255,0.942,0.942,1.009,84.772
1.093,2038,67.3,1.2,0.996,27,84,95,100,100,98,0,90,4.52,3.764,18,46,7.7,1,5,4.03,772,12.24,123,0,0,0,0,0,0,2.992,11.981,10.214,255,0.946,0.946,1.004,85.136
1.14,2025,67.8,1.2,0.991,27,84,95,100,100,98,0,90,4.567,3.796,18,46,7.7,1,5,4.03,772,12,123,0,0,0,0,0,0,2.998,12.08,10.313,255,0.942,0.942,1.009,84.772
1.187,1997,80.8,1.2,0.983,27,84,95,100,100,98,0,90,5.292,4.536,18,46,8.8,1,5,4.03,772,12.24,123,0,0,0,0,0,0,3.533,12.179,10.413,255,0.934,0.934,1.017,84.045
1.234,2011,67.3,1.2,0.981,27,84,95,100,100,98,0,90,4.52,3.764,18,47,7.6,1,5,4.03,772,12.24,123,0,0,0,0,0,0,2.952,11.685,9.917,255,0.932,0.932,1.02,83.863
1.281,1999,55.3,1.2,0.979,27,84,95,100,100,98,0,90,3.836,3.08,18,47,6.4,1,5,4.03,772,12.24,123,0,0,0,0,0,0,2.401,12.376,10.611,255,0.93,0.93,1.022,83.681
1.328,2019,67.8,1.2,0.987,27,84,95,100,100,98,0,90,4.536,3.78,18,46,7.6,1,5,4.03,772,12.24,123,0,0,0,0,0,0,2.976,11.981,10.214,255,0.938,0.938,1.013,84.409
1.375,1998,80.8,1.2,0.998,27,84,95,100,100,98,0,90,5.28,4.516,18,46,8.8,1,5,4.03,772,12.12,123,0,0,0,0,0,0,3.519,12.278,10.512,255,0.948,0.948,1.002,85.318
1.422,2015,67.5,1.2,0.998,27,84,95,100,100,98,0,90,4.544,3.78,18,46,7.6,1,5,4.03,772,12.12,123,0,0,0,0,0,0,2.971,11.882,10.115,255,0.948,0.948,1.002,85.318
1.468,1993,55.3,1.2,1.002,27,84,95,100,100,98,0,90,4.544,3.78,18,46,7.5,1,5,4.03,772,12.12,123,0,0,0,0,0,0,2.938,11.882,10.115,255,0.952,0.952,0.998,85.682
1.515,2014,55,1.2,1.006,27,84,95,100,100,98,0,90,3.836,3.08,18,46,6.4,1,5,4.03,772,12.24,123,0,0,0,0,0,0,2.419,12.08,10.313,255,0.956,0.956,0.994,86.046
1.562,2012,67.8,1.2,1,27,84,95,100,100,98,0,90,4.544,3.78,18,46,7.6,1,5,4.03,772,12.12,123,0,0,0,0,0,0,2.966,12.179,10.413,255,0.95,0.95,1,85.5
1.609,1987,81,1.2,0.996,27,84,95,100,100,98,0,90,5.288,4.532,18,46,8.8,1,5,4.03,772,12.24,123,0,0,0,0,0,0,3.512,12.376,10.611,255,0.946,0.946,1.004,85.136
1.656,2001,68,1.2,0.998,27,84,95,100,100,98,0,90,4.576,3.812,18,47,7.6,1,5,4.03,772,12.12,123,0,0,0,0,0,0,2.975,11.784,10.016,255,0.948,0.948,1.002,85.318
1.703,1985,55.5,1.2,1.011,27,84,95,100,100,98,0,90,3.864,3.108,18,47,6.4,1,5,4.03,772,12.24,123,0,0,0,0,0,0,2.406,11.981,10.214,255,0.96,0.96,0.989,86.41
1.75,2008,67.8,1.2,1.009,27,84,95,100,100,98,0,90,4.551,3.78,18,47,7.6,1,5,4.03,772,12,123,0,0,0,0,0,0,2.96,11.784,10.016,255,0.958,0.958,0.992,86.228
1.797,1992,80.8,1.2,0.998,27,84,95,100,100,98,0,90,5.272,4.516,18,47,8.8,1,5,4.03,772,12.24,123,0,0,0,0,0,0,3.508,11.882,10.115,255,0.948,0.948,1.002,85.318
1.843,1987,68,1.2,1,27,84,95,100,100,98,0,90,4.576,3.812,18,46,7.6,1,5,4.03,772,12.12,123,0,0,0,0,0,0,2.954,12.673,10.908,255,0.95,0.95,1,85.5
1.89,2012,68.3,1.2,1,27,84,95,100,100,98,0,90,4.568,3.812,18,46,7.7,1,5,4.03,772,12.24,123,0,0,0,0,0,0,2.991,11.586,9.818,255,0.95,0.95,1,85.5
1.937,1971,55.3,1.2,0.998,27,84,95,100,100,98,0,90,3.836,3.08,18,46,6.3,1,5,4.03,772,12.24,123,0,0,0,0,0,0,2.368,12.179,10.413,255,0.948,0.948,1.002,85.318
1.984,1987,66.8,1.2,1.011,27,84,95,100,100,98,0,90,4.48,3.716,18,46,7.4,1,5,4.03,772,12.12,123,0,0,0,0,0,0,2.88,12.179,10.413,255,0.96,0.96,0.989,86.41
2.031,1987,80.8,1.2,1.015,27,84,95,100,100,98,0,90,5.292,4.536,18,47,8.8,1,5,4.03,772,12.24,123,0,0,0,0,0,0,3.515,12.376,10.611,255,0.964,0.964,0.985,86.773
2.078,2007,67.8,1.2,0.998,27,84,95,100,100,98,0,90,4.56,3.796,18,47,7.6,1,5,4.03,772,12.12,123,0,0,0,0,0,0,2.971,11.487,9.718,255,0.948,0.948,1.002,85.318
2.125,1965,56,1.2,0.998,27,84,95,100,100,98,0,90,3.892,3.136,18,47,6.4,1,5,4.03,772,12.24,123,0,0,0,0,0,0,2.403,11.388,9.619,255,0.948,0.948,1.002,85.318
2.172,2001,67.5,1.2,1.015,27,84,95,100,100,98,0,90,4.56,3.796,18,47,7.6,1,5,4.03,772,12.12,123,0,0,0,0,0,0,2.962,11.882,10.115,255,0.964,0.964,0.985,86.773
2.218,1983,80.5,1.2,1.021,27,84,95,100,100,98,0,90,5.292,4.536,18,47,8.7,1,5,4.03,772,12.24,123,0,0,0,0,0,0,3.508,11.981,10.214,255,0.97,0.97,0.979,87.319
2.265,1985,67.5,1.2,1.023,27,84,96,100,100,98,0,90,4.576,3.812,18,46,7.6,1,5,4.03,772,12.12,123,0,0,0,0,0,0,2.951,11.981,10.214,255,0.982,0.982,0.977,88.422
2.312,1988,67.8,1.2,1.006,27,84,96,100,100,98,0,90,4.576,3.812,18,46,7.6,1,5,4.03,772,12.12,123,0,0,0,0,0,0,2.956,11.29,9.52,255,0.966,0.966,0.994,86.951
2.359,1970,55.8,1.2,1,27,84,96,100,100,98,0,90,3.892,3.136,18,47,6.4,1,5,4.03,772,12.24,123,0,0,0,0,0,0,2.409,11.784,10.016,255,0.96,0.96,1,86.4
2.406,1987,67,1.2,1,27,84,96,100,100,98,0,90,4.544,3.78,18,47,7.5,1,5,4.03,772,12.12,123,0,0,0,0,0,0,2.929,11.882,10.115,255,0.96,0.96,1,86.4
2.453,1975,81.3,1.2,0.998,27,84,96,100,100,98,0,90,5.324,4.568,18,47,8.8,1,5,4.03,772,12.24,123,0,0,0,0,0,0,3.519,12.08,10.313,255,0.958,0.958,1.002,86.216
2.5,1987,68,1.2,1.006,27,84,96,100,100,98,0,90,4.596,3.84,18,47,7.6,1,5,4.03,772,12.24,123,0,0,0,0,0,0,2.976,11.388,9.619,255,0.966,0.966,0.994,86.951
2.547,1972,55.3,1.2,1.006,27,84,96,100,100,98,0,90,3.86,3.104,18,47,6.3,1,5,4.03,772,12.24,123,0,0,0,0,0,0,2.387,12.376,10.611,255,0.966,0.966,0.994,86.951
2.593,1979,68,1.2,1.006,27,84,96,100,100,98,0,90,4.596,3.84,18,47,7.6,1,5,4.03,772,12.24,123,0,0,0,0,0,0,2.964,11.29,9.52,255,0.966,0.966,0.994,86.951
2.64,1975,81,1.2,1.011,27,84,96,100,100,98,0,90,5.332,4.568,18,47,8.8,1,5,4.03,772,12.12,123,0,0,0,0,0,0,3.519,11.784,10.016,255,0.97,0.97,0.989,87.319
2.687,1994,68,1.2,1.009,27,84,96,100,100,98,0,90,4.596,3.84,18,47,7.6,1,5,4.03,772,12.24,123,0,0,0,0,0,0,2.986,11.685,9.917,255,0.968,0.968,0.992,87.135
2.734,1971,56,1.2,0.998,27,84,96,100,100,98,0,90,3.919,3.148,18,47,6.4,1,5,4.03,772,12,123,0,0,0,0,0,0,2.42,11.092,9.322,255,0.958,0.958,1.002,86.216
2.781,1978,55.8,1.2,0.998,27,84,96,100,100,98,0,90,3.892,3.136,18,47,6.4,1,5,4.03,772,12.24,123,0,0,0,0,0,0,2.419,12.08,10.313,255,0.958,0.958,1.002,86.216
2.828,1977,67.5,1.2,1.019,27,84,96,100,100,98,0,90,4.583,3.812,18,46,7.6,1,5,4.03,772,12,123,0,0,0,0,0,0,2.939,11.882,10.115,255,0.978,0.978,0.981,88.054
2.875,1972,81.3,1.2,1.032,27,84,96,100,100,98,0,90,5.344,4.588,18,46,8.8,1,5,4.03,772,12.24,123,0,0,0,0,0,0,3.529,11.685,9.917,255,0.991,0.991,0.969,89.157
2.922,1979,68.3,1.2,1.023,27,84,96,100,100,98,0,90,4.612,3.856,18,46,7.6,1,5,4.03,772,12.24,123,0,0,0,0,0,0,2.976,11.388,9.619,255,0.982,0.982,0.977,88.422
2.968,1965,55.8,1.2,1.009,27,84,96,100,100,98,0,90,3.912,3.148,18,47,6.4,1,5,4.03,772,12.12,123,0,0,0,0,0,0,2.412,12.475,10.71,255,0.968,0.968,0.992,87.135
3.015,1974,67.3,1.2,1.015,27,84,96,100,100,98,0,90,4.552,3.796,18,47,7.5,1,5,4.03,772,12.24,123,0,0,0,0,0,0,2.922,11.487,9.718,255,0.974,0.974,0.985,87.687
3.062,1970,81.3,1.2,1.021,27,84,96,100,100,98,0,90,5.352,4.588,18,47,8.8,1,5,4.03,772,12.12,123,0,0,0,0,0,0,3.525,11.981,10.214,255,0.98,0.98,0.979,88.238
3.109,1986,68.5,1.2,1.019,27,84,96,100,100,98,0,90,4.648,3.892,18,47,7.7,1,5,4.03,772,12.24,123,0,0,0,0,0,0,3.015,11.586,9.818,255,0.978,0.978,0.981,88.054
3.156,1963,55.3,1.2,1.015,27,84,96,100,100,98,0,90,3.884,3.128,18,47,6.4,1,5,4.03,772,12.24,123,0,0,0,0,0,0,2.395,11.586,9.818,255,0.974,0.974,0.985,87.687
3.203,1972,67.3,1.2,1.002,27,84,96,100,100,98,0,90,4.576,3.812,18,47,7.5,1,5,4.03,772,12.12,123,0,0,0,0,0,0,2.932,11.191,9.421,255,0.962,0.962,0.998,86.584
3.25,1966,81.5,1.2,1.009,27,84,96,100,100,98,0,90,5.392,4.636,18,46,8.8,1,5,4.03,772,12.24,123,0,0,0,0,0,0,3.555,11.586,9.818,255,0.968,0.968,0.992,87.135
3.297,1961,81.3,1.2,1.011,27,84,96,100,100,98,0,90,5.368,4.604,18,46,8.8,1,5,4.03,772,12.12,123,0,0,0,0,0,0,3.521,11.586,9.818,255,0.97,0.97,0.989,87.319
3.343,1983,68,1.2,1.002,27,84,96,100,100,98,0,90,4.628,3.872,18,46,7.6,1,5,4.03,772,12.24,123,0,0,0,0,0,0,2.994,11.388,9.619,255,0.962,0.962,0.998,86.584
3.39,1966,55.5,1.2,1.002,27,84,96,100,100,98,0,90,3.916,3.16,18,46,6.4,1,5,4.03,773,12.24,123,0,0,0,0,0,0,2.423,11.882,10.115,255,0.962,0.962,0.998,86.584
3.437,1979,66.8,1.2,0.998,27,84,96,100,100,98,0,90,4.532,3.776,18,47,7.5,1,5,4.03,773,12.24,123,0,0,0,0,0,0,2.914,11.586,9.818,255,0.958,0.958,1.002,86.216
3.484,1963,81.5,1.2,1.006,27,84,96,100,100,98,0,90,5.392,4.636,18,47,8.8,1,5,4.03,772,12.24,123,0,0,0,0,0,0,3.549,11.981,10.214,255,0.966,0.966,0.994,86.951
3.531,2003,68.3,1.2,1.011,27,84,96,100,100,98,0,90,4.643,3.872,18,46,7.7,1,5,4.03,773,12,123,0,0,0,0,0,0,3.025,11.586,9.818,255,0.97,0.97,0.989,87.319
3.578,1985,55.8,1.2,1.002,27,84,96,100,100,98,0,90,3.916,3.16,18,46,6.5,1,5,4.03,773,12.24,123,0,0,0,0,0,0,2.446,11.784,10.016,255,0.962,0.962,0.998,86.584
3.625,1993,67.5,1.2,0.989,27,84,96,100,100,98,0,90,4.608,3.844,18,47,7.7,1,5,4.03,773,12.12,123,0,0,0,0,0,0,2.988,11.784,10.016,255,0.95,0.95,1.011,85.481
3.672,1983,80.8,1.2,0.996,27,84,96,100,100,98,0,90,5.344,4.588,18,47,8.8,1,5,4.03,773,12.24,123,0,0,0,0,0,0,3.548,11.092,9.322,255,0.956,0.956,1.004,86.032
3.718,1996,67.5,1.2,0.991,27,84,96,100,100,98,0,90,4.615,3.844,18,47,7.7,1,5,4.03,773,12,123,0,0,0,0,0,0,2.992,11.191,9.421,255,0.952,0.952,1.009,85.665
3.765,1983,68.5,1.2,0.996,27,84,96,100,100,98,0,90,4.648,3.892,18,47,7.7,1,5,4.03,773,12.24,123,0,0,0,0,0,0,3.01,11.487,9.718,255,0.956,0.956,1.004,86.032
3.812,1976,55,1.2,0.996,27,84,96,100,100,98,0,90,3.884,3.128,18,47,6.4,1,5,4.03,773,12.24,123,0,0,0,0,0,0,2.411,12.772,11.008,255,0.956,0.956,1.004,86.032
3.859,2009,67.5,1.2,0.991,27,84,96,100,100,98,0,90,4.6,3.844,18,46,7.7,1,5,4.03,773,12.24,123,0,0,0,0,0,0,3.012,11.784,10.016,255,0.952,0.952,1.009,85.665
3.906,1971,81.3,1.2,0.987,27,84,96,100,100,98,0,90,5.36,4.604,18,46,8.8,1,5,4.03,773,12.24,123,0,0,0,0,0,0,3.539,11.882,10.115,255,0.948,0.948,1.013,85.297
3.953,1988,68,1.2,1,27,84,96,100,100,98,0,90,4.628,3.872,18,46,7.7,1,5,4.03,773,12.24,123,0,0,0,0,0,0,3.002,11.487,9.718,255,0.96,0.96,1,86.4
4,1982,55,1.2,1.002,27,84,96,100,100,98,0,90,3.884,3.128,18,46,6.4,1,5,4.03,773,12.24,123,0,0,0,0,0,0,2.418,11.981,10.214,255,0.962,0.962,0.998,86.584
4.047,2001,67.3,1.2,1.002,27,84,96,100,100,98,0,90,4.568,3.812,18,47,7.6,1,5,4.03,773,12.24,123,0,0,0,0,0,0,2.975,11.981,10.214,255,0.962,0.962,0.998,86.584
4.093,1964,81.5,1.2,0.998,27,84,96,100,100,98,0,90,5.4,4.636,18,47,8.8,1,5,4.03,773,12.12,123,0,0,0,0,0,0,3.551,11.784,10.016,255,0.958,0.958,1.002,86.216
4.14,1977,68.8,1.2,0.989,27,84,96,100,100,98,0,90,4.648,3.892,18,47,7.7,1,5,4.03,773,12.24,123,0,0,0,0,0,0,3.001,11.586,9.818,255,0.95,0.95,1.011,85.481
4.187,1967,55.8,1.2,0.989,27,84,96,100,100,98,0,90,3.924,3.16,18,47,6.4,1,5,4.03,773,12.12,123,0,0,0,0,0,0,2.424,11.487,9.718,255,0.95,0.95,1.011,85.481
4.234,1972,67,1.2,0.987,27,84,96,100,100,98,0,90,3.904,3.148,18,46,6.4,1,5,4.03,773,12.24,123,0,0,0,0,0,0,2.421,11.586,9.818,255,0.948,0.948,1.013,85.297
4.281,1986,67.3,1.2,1.015,27,84,96,100,100,98,0,90,4.56,3.796,18,46,7.5,1,5,4.03,773,12.12,123,0,0,0,0,0,0,2.94,11.487,9.718,255,0.974,0.974,0.985,87.687
4.328,1976,81,1.2,1.009,27,84,96,100,100,98,0,90,5.344,4.588,18,47,8.8,1,5,4.03,773,12.24,123,0,0,0,0,0,0,3.536,12.08,10.313,255,0.968,0.968,0.992,87.135
4.375,2000,68.3,1.2,0.998,27,84,96,100,100,98,0,90,4.612,3.856,18,47,7.7,1,5,4.03,773,12.24,123,0,0,0,0,0,0,3.008,11.29,9.52,255,0.958,0.958,1.002,86.216
4.422,1960,55.5,1.2,0.998,27,84,96,100,100,98,0,90,3.912,3.148,18,47,6.4,1,5,4.03,773,12.12,123,0,0,0,0,0,0,2.406,11.882,10.115,255,0.958,0.958,1.002,86.216
4.468,1986,68.8,1.2,0.996,27,84,96,100,100,98,0,90,4.632,3.876,18,47,7.7,1,5,4.03,773,12.24,123,0,0,0,0,0,0,3.002,11.784,10.016,255,0.956,0.956,1.004,86.032
4.515,1965,81.8,1.2,1.002,27,84,96,100,100,98,0,90,5.38,4.616,18,47,8.8,1,5,4.03,773,12.12,123,0,0,0,0,0,0,3.537,11.981,10.214,255,0.962,0.962,0.998,86.584
4.562,1982,68.5,1.2,1.009,27,84,96,100,100,98,0,90,4.632,3.876,18,46,7.7,1,5,4.03,773,12.24,123,0,0,0,0,0,0,2.996,11.29,9.52,255,0.968,0.968,0.992,87.135
4.609,1960,55.5,1.2,0.989,27,84,96,100,100,98,0,90,3.904,3.148,18,46,6.4,1,5,4.03,773,12.24,123,0,0,0,0,0,0,2.406,11.882,10.115,255,0.95,0.95,1.011,85.481
4.656,1985,67.5,1.2,0.996,27,84,96,100,100,98,0,90,4.592,3.828,18,46,7.6,1,5,4.03,773,12.12,123,0,0,0,0,0,0,2.963,11.29,9.52,255,0.956,0.956,1.004,86.032
4.703,1978,81,1.2,0.996,27,84,96,100,100,98,0,90,5.344,4.588,18,46,8.8,1,5,4.03,773,12.24,123,0,0,0,0,0,0,3.539,11.586,9.818,255,0.956,0.956,1.004,86.032
4.75,1953,81,1.2,0.989,27,84,96,100,100,98,0,90,5.359,4.588,18,47,8.7,1,5,4.03,773,12,123,0,0,0,0,0,0,3.495,12.179,10.413,255,0.95,0.95,1.011,85.481
4.797,1982,68.3,1.2,0.989,27,84,96,100,100,98,0,90,4.612,3.856,18,47,7.6,1,5,4.03,773,12.24,123,0,0,0,0,0,0,2.981,11.29,9.52,255,0.95,0.95,1.011,85.481
4.843,1977,56,1.2,0.996,27,84,96,100,100,98,0,90,3.92,3.164,18,46,6.5,1,5,4.03,773,12.24,123,0,0,0,0,0,0,2.44,11.981,10.214,255,0.956,0.956,1.004,86.032
4.89,2008,67,1.2,1.002,27,84,96,100,100,98,0,90,4.56,3.796,18,46,7.6,1,5,4.03,773,12.12,123,0,0,0,0,0,0,2.973,11.487,9.718,255,0.962,0.962,0.998,86.584
4.937,1977,81.3,1.2,1.015,27,84,96,100,100,98,0,90,5.344,4.588,18,47,8.8,1,5,4.03,773,12.24,123,0,0,0,0,0,0,3.537,11.981,10.214,255,0.974,0.974,0.985,87.687
4.984,1990,68,1.2,1.002,27,84,96,100,100,98,0,90,4.627,3.856,18,47,7.7,1,5,4.03,773,12,123,0,0,0,0,0,0,2.993,11.981,10.214,255,0.962,0.962,0.998,86.584
5.031,1976,55.8,1.2,1.002,27,84,96,100,100,98,0,90,3.904,3.148,18,47,6.4,1,5,4.03,773,12.24,123,0,0,0,0,0,0,2.426,11.29,9.52,255,0.962,0.962,0.998,86.584
5.078,1998,68.5,1.2,0.998,27,84,96,100,100,98,0,90,4.647,3.876,18,47,7.7,1,5,4.03,773,12,123,0,0,0,0,0,0,3.02,11.784,10.016,255,0.958,0.958,1.002,86.216
5.125,2012,80.8,1.2,0.996,27,84,96,100,100,98,0,90,5.328,4.572,18,46,8.9,1,5,4.03,773,12.24,123,0,0,0,0,0,0,3.588,11.784,10.016,255,0.956,0.956,1.004,86.032
5.172,2011,81,1.2,1.002,27,84,96,100,100,98,0,90,5.359,4.588,18,46,9,1,5,4.03,773,12,123,0,0,0,0,0,0,3.598,12.179,10.413,255,0.962,0.962,0.998,86.584
5.218,2030,68,1.2,1.002,27,84,96,100,100,98,0,90,4.612,3.856,18,46,7.8,1,5,4.03,773,12.24,123,0,0,0,0,0,0,3.053,11.784,10.016,255,0.962,0.962,0.998,86.584
5.265,1994,55,1.2,0.987,27,84,96,100,100,98,0,90,3.872,3.116,18,46,6.4,1,5,4.03,773,12.24,123,0,0,0,0,0,0,2.423,11.981,10.214,255,0.948,0.948,1.013,85.297
5.312,2016,66.5,1.2,0.991,27,84,96,100,100,98,0,90,4.516,3.76,18,46,7.6,1,5,4.03,773,12.24,123,0,0,0,0,0,0,2.956,11.981,10.214,255,0.952,0.952,1.009,85.665
5.359,2004,80.3,1.2,0.989,27,84,96,100,100,98,0,90,5.292,4.536,18,47,8.8,1,5,4.03,773,12.24,123,0,0,0,0,0,0,3.545,11.981,10.214,255,0.95,0.95,1.011,85.481
5.406,1998,67,1.2,0.987,27,84,96,100,100,98,0,90,4.567,3.796,18,47,7.6,1,5,4.03,773,12,123,0,0,0,0,0,0,2.958,11.586,9.818,255,0.948,0.948,1.013,85.297
5.453,1994,55.3,1.2,0.989,27,84,96,100,100,98,0,90,3.872,3.116,18,47,6.4,1,5,4.03,773,12.24,123,0,0,0,0,0,0,2.423,11.586,9.818,255,0.95,0.95,1.011,85.481
5.5,2027,68,1.2,0.987,27,84,96,100,100,98,0,90,4.627,3.856,18,47,7.8,1,5,4.03,773,12,123,0,0,0,0,0,0,3.048,11.882,10.115,255,0.948,0.948,1.013,85.297
5.547,2022,68,1.2,0.989,27,84,96,100,100,98,0,90,4.612,3.856,18,46,7.8,1,5,4.03,773,12.24,123,0,0,0,0,0,0,3.041,11.981,10.214,255,0.95,0.95,1.011,85.481
5.593,1987,80.8,1.2,0.996,27,84,96,100,100,98,0,90,5.336,4.572,18,46,8.8,1,5,4.03,773,12.12,123,0,0,0,0,0,0,3.543,12.08,10.313,255,0.956,0.956,1.004,86.032
5.64,2010,67.5,1.2,0.991,27,84,96,100,100,98,0,90,4.584,3.828,18,47,7.7,1,5,4.03,773,12.24,123,0,0,0,0,0,0,3.001,11.388,9.619,255,0.952,0.952,1.009,85.665
5.687,1994,55,1.2,0.987,27,84,96,100,100,98,0,90,3.86,3.104,18,47,6.4,1,5,4.03,773,12.24,123,0,0,0,0,0,0,2.414,11.882,10.115,255,0.948,0.948,1.013,85.297
5.75,2000,67,1.2,0.987,27,84,96,100,100,98,0,90,4.536,3.78,18,46,7.6,1,5,4.03,773,12.24,123,0,0,0,0,0,0,2.948,12.08,10.313,255,0.948,0.948,1.013,85.297
5.797,2016,67,1.2,0.996,27,84,96,100,100,98,0,90,4.551,3.78,18,46,7.6,1,5,4.03,773,12,123,0,0,0,0,0,0,2.972,11.388,9.619,255,0.956,0.956,1.004,86.032
5.843,1997,80.3,1.2,0.987,27,84,96,100,100,98,0,90,5.276,4.52,18,46,8.8,1,5,4.03,773,12.24,123,0,0,0,0,0,0,3.52,11.981,10.214,255,0.948,0.948,1.013,85.297
5.89,1986,80.5,1.2,0.987,27,84,96,100,100,98,0,90,5.316,4.552,18,46,8.8,1,5,4.03,773,12.12,123,0,0,0,0,0,0,3.526,12.376,10.611,255,0.948,0.948,1.013,85.297
5.937,1998,67.8,1.2,0.987,27,84,96,100,100,98,0,90,4.568,3.812,18,47,7.6,1,5,4.03,773,12.24,123,0,0,0,0,0,0,2.97,11.29,9.52,255,0.948,0.948,1.013,85.297
5.984,1988,54.8,1.2,0.996,27,84,96,100,100,98,0,90,3.824,3.068,18,47,6.3,1,5,4.03,773,12.24,123,0,0,0,0,0,0,2.379,12.574,10.809,255,0.956,0.956,1.004,86.032
6.031,2011,67.8,1.2,1.002,27,84,96,100,100,98,0,90,4.568,3.812,18,47,7.7,1,5,4.03,773,12.24,123,0,0,0,0,0,0,2.99,11.685,9.917,255,0.962,0.962,0.998,86.584
6.078,1965,80.5,1.2,0.998,27,84,96,100,100,98,0,90,5.316,4.552,18,47,8.7,1,5,4.03,773,12.12,123,0,0,0,0,0,0,3.488,12.376,10.611,255,0.958,0.958,1.002,86.216
6.125,1985,67.8,1.2,0.998,27,84,96,100,100,98,0,90,4.568,3.812,18,46,7.6,1,5,4.03,773,12.24,123,0,0,0,0,0,0,2.951,11.586,9.818,255,0.958,0.958,1.002,86.216
6.172,1977,55.8,1.2,0.996,27,84,96,100,100,98,0,90,3.892,3.136,18,46,6.4,1,5,4.03,773,12.24,123,0,0,0,0,0,0,2.418,11.586,9.818,255,0.956,0.956,1.004,86.032
6.218,2006,67.5,1.2,1,27,84,96,100,100,98,0,90,4.576,3.812,18,46,7.6,1,5,4.03,773,12.12,123,0,0,0,0,0,0,2.982,11.586,9.818,255,0.96,0.96,1,86.4
6.265,1977,81.3,1.2,0.996,27,84,96,100,100,98,0,90,5.324,4.568,18,47,8.8,1,5,4.03,773,12.24,123,0,0,0,0,0,0,3.522,12.475,10.71,255,0.956,0.956,1.004,86.032
6.312,1972,80.5,1.2,0.996,27,84,96,100,100,98,0,90,5.323,4.552,18,47,8.7,1,5,4.03,773,12,123,0,0,0,0,0,0,3.501,11.685,9.917,255,0.956,0.956,1.004,86.032
6.359,1991,68,1.2,1,27,84,96,100,100,98,0,90,4.596,3.84,18,47,7.6,1,5,4.03,773,12.24,123,0,0,0,0,0,0,2.982,11.586,9.818,255,0.96,0.96,1,86.4
6.406,1975,55.3,1.2,0.998,27,84,96,100,100,98,0,90,3.875,3.104,18,47,6.4,1,5,4.03,773,12,123,0,0,0,0,0,0,2.391,11.784,10.016,255,0.958,0.958,1.002,86.216
6.453,2008,68.5,1.2,1.03,27,84,96,100,100,98,0,90,4.616,3.86,18,46,7.7,1,5,4.03,773,12.24,123,0,0,0,0,0,0,3.023,11.487,9.718,255,0.989,0.989,0.971,88.974
6.5,1965,81.8,1.2,1.034,27,84,96,100,100,98,0,90,5.356,4.6,18,46,8.8,1,5,4.03,773,12.24,123,0,0,0,0,0,0,3.525,11.981,10.214,255,0.993,0.993,0.967,89.341
6.547,1983,68.5,1.2,1.015,27,84,96,100,100,98,0,90,4.616,3.86,18,47,7.6,1,5,4.03,773,12.24,123,0,0,0,0,0,0,2.985,11.191,9.421,255,0.974,0.974,0.985,87.687
6.593,1975,55.5,1.2,1.011,27,84,96,100,100,98,0,90,3.892,3.136,18,47,6.4,1,5,4.03,773,12.24,123,0,0,0,0,0,0,2.416,12.08,10.313,255,0.97,0.97,0.989,87.319
6.64,1998,67,1.2,1.011,27,84,96,100,100,98,0,90,4.551,3.78,18,47,7.6,1,5,4.03,773,12,123,0,0,0,0,0,0,2.945,11.191,9.421,255,0.97,0.97,0.989,87.319
6.687,1969,81.3,1.2,1.015,27,84,96,100,100,98,0,90,5.324,4.568,18,47,8.7,1,5,4.03,773,12.24,123,0,0,0,0,0,0,3.508,11.29,9.52,255,0.974,0.974,0.985,87.687
6.734,1988,68,1.2,1.015,27,84,96,100,100,98,0,90,4.611,3.84,18,46,7.6,1,5,4.03,773,12,123,0,0,0,0,0,0,2.977,11.586,9.818,255,0.974,0.974,0.985,87.687
6.781,1990,55.8,1.2,1.002,27,84,96,100,100,98,0,90,4.596,3.84,18,46,7.6,1,5,4.03,773,12.24,123,0,0,0,0,0,0,2.98,11.29,9.52,255,0.962,0.962,0.998,86.584
6.828,1968,56,1.2,1.002,27,84,96,100,100,98,0,90,3.904,3.148,18,46,6.4,1,5,4.03,773,12.24,123,0,0,0,0,0,0,2.416,11.586,9.818,255,0.962,0.962,0.998,86.584
6.875,1998,67.5,1.2,0.998,27,84,96,100,100,98,0,90,4.568,3.812,18,46,7.6,1,5,4.03,773,12.24,123,0,0,0,0,0,0,2.97,11.29,9.52,255,0.958,0.958,1.002,86.216
6.922,1973,81.5,1.2,1,27,84,96,100,100,98,0,90,5.356,4.6,18,46,8.8,1,5,4.03,773,12.24,123,0,0,0,0,0,0,3.54,11.981,10.214,255,0.96,0.96,1,86.4
6.968,1977,68,1.2,1.011,27,84,96,100,100,98,0,90,4.604,3.84,18,47,7.6,1,5,4.03,773,12.12,123,0,0,0,0,0,0,2.961,11.092,9.322,255,0.97,0.97,0.989,87.319
7.015,1959,56.3,1.2,1.015,27,84,96,100,100,98,0,90,3.904,3.148,18,47,6.4,1,5,4.03,773,12.24,123,0,0,0,0,0,0,2.405,11.882,10.115,255,0.974,0.974,0.985,87.687
7.062,1983,68,1.2,1.015,27,84,96,100,100,98,0,90,4.604,3.84,18,46,7.6,1,5,4.03,773,12.12,123,0,0,0,0,0,0,2.97,11.586,9.818,255,0.974,0.974,0.985,87.687
7.109,1972,81,1.2,1.006,27,84,96,100,100,98,0,90,5.332,4.568,18,46,8.8,1,5,4.03,773,12.12,123,0,0,0,0,0,0,3.513,11.685,9.917,255,0.966,0.966,0.994,86.951
7.156,1964,68.5,1.2,1.015,27,84,96,100,100,98,0,90,4.616,3.86,18,47,7.6,1,5,4.03,773,12.24,123,0,0,0,0,0,0,2.957,11.882,10.115,255,0.974,0.974,0.985,87.687
7.203,1968,55.8,1.2,1.011,27,84,96,100,100,98,0,90,3.9,3.136,18,47,6.4,1,5,4.03,773,12.12,123,0,0,0,0,0,0,2.407,11.586,9.818,255,0.97,0.97,0.989,87.319
7.25,1997,68.3,1.2,1.006,27,84,96,100,100,98,0,90,4.596,3.84,18,47,7.6,1,5,4.03,773,12.24,123,0,0,0,0,0,0,2.991,11.29,9.52,255,0.966,0.966,0.994,86.951
7.297,2001,67.5,1.2,1,27,84,96,100,100,98,0,90,4.583,3.812,18,47,7.6,1,5,4.03,773,12,123,0,0,0,0,0,0,2.975,11.882,10.115,255,0.96,0.96,1,86.4
7.343,1976,80.8,1.2,0.991,27,84,96,100,100,98,0,90,5.308,4.552,18,47,8.7,1,5,4.03,773,12.24,123,0,0,0,0,0,0,3.508,11.882,10.115,255,0.952,0.952,1.009,85.665
7.39,1990,67.3,1.2,0.989,27,84,96,100,100,98,0,90,4.536,3.78,18,47,7.5,1,5,4.03,773,12.24,123,0,0,0,0,0,0,2.934,11.685,9.917,255,0.95,0.95,1.011,85.481
7.437,1989,55,1.2,0.991,27,84,96,100,100,98,0,90,3.86,3.104,18,46,6.4,1,5,4.03,773,12.24,123,0,0,0,0,0,0,2.408,12.08,10.313,255,0.952,0.952,1.009,85.665
7.484,2023,67.8,1.2,0.998,27,84,96,100,100,98,0,90,4.568,3.812,18,46,7.7,1,5,4.03,773,12.24,123,0,0,0,0,0,0,3.008,11.784,10.016,255,0.958,0.958,1.002,86.216
7.531,1981,81,1.2,0.998,27,84,96,100,100,98,0,90,5.339,4.568,18,47,8.8,1,5,4.03,773,12,123,0,0,0,0,0,0,3.529,11.981,10.214,255,0.958,0.958,1.002,86.216
7.578,1997,67.5,1.2,0.989,27,84,96,100,100,98,0,90,4.568,3.812,18,47,7.6,1,5,4.03,773,12.24,123,0,0,0,0,0,0,2.969,11.586,9.818,255,0.95,0.95,1.011,85.481
7.625,1978,55.3,1.2,0.989,27,84,96,100,100,98,0,90,3.868,3.104,18,47,6.4,1,5,4.03,773,12.12,123,0,0,0,0,0,0,2.394,11.882,10.115,255,0.95,0.95,1.011,85.481
7.672,1997,68.8,1.2,0.991,27,84,96,100,100,98,0,90,3.86,3.104,18,47,6.4,1,5,4.03,773,12.24,123,0,0,0,0,0,0,2.417,11.685,9.917,255,0.952,0.952,1.009,85.665
7.718,2010,66.8,1.2,0.996,27,84,96,100,100,98,0,90,4.508,3.744,18,47,7.6,1,5,4.03,773,12.12,123,0,0,0,0,0,0,2.935,11.784,10.016,255,0.956,0.956,1.004,86.032
7.765,1990,81,1.2,0.998,27,84,96,100,100,98,0,90,5.324,4.568,18,46,8.8,1,5,4.03,773,12.24,123,0,0,0,0,0,0,3.545,11.487,9.718,255,0.958,0.958,1.002,86.216
7.812,1988,67.3,1.2,0.991,27,84,96,100,100,98,0,90,4.536,3.78,18,46,7.5,1,5,4.03,773,12.24,123,0,0,0,0,0,0,2.931,11.388,9.619,255,0.952,0.952,1.009,85.665
7.859,1980,55.3,1.2,0.985,27,84,96,100,100,98,0,90,3.86,3.104,18,47,6.4,1,5,4.03,773,12.24,123,0,0,0,0,0,0,2.397,12.08,10.313,255,0.946,0.946,1.015,85.113
7.906,2012,67.8,1.2,0.987,27,84,96,100,100,98,0,90,4.568,3.812,18,47,7.7,1,5,4.03,773,12.24,123,0,0,0,0,0,0,2.991,11.981,10.214,255,0.948,0.948,1.013,85.297
7.953,1975,81.3,1.2,0.996,27,84,96,100,100,98,0,90,5.339,4.568,18,47,8.8,1,5,4.03,773,12,123,0,0,0,0,0,0,3.519,12.179,10.413,255,0.956,0.956,1.004,86.032
8,1996,68.3,1.2,1.002,27,84,96,100,100,98,0,90,4.596,3.84,18,47,7.6,1,5,4.03,773,12.24,123,0,0,0,0,0,0,2.989,11.29,9.52,255,0.962,0.962,0.998,86.584
8.047,1979,56.3,1.2,1.002,27,84,96,100,100,98,0,90,3.919,3.148,18,46,6.5,1,5,4.03,773,12,123,0,0,0,0,0,0,2.43,10.894,9.123,255,0.962,0.962,0.998,86.584
8.093,2016,67,1.2,1.006,27,84,96,100,100,98,0,90,3.9,3.136,18,46,6.6,1,5,4.03,773,12.12,123,0,0,0,0,0,0,2.466,11.784,10.016,255,0.966,0.966,0.994,86.951
8.14,1982,67,1.2,1.002,27,84,96,100,100,98,0,90,4.551,3.78,18,47,7.5,1,5,4.03,773,12,123,0,0,0,0,0,0,2.922,11.882,10.115,255,0.962,0.962,0.998,86.584
8.187,1972,80.5,1.2,0.998,27,84,96,100,100,98,0,90,5.316,4.552,18,47,8.7,1,5,4.03,773,12.12,123,0,0,0,0,0,0,3.501,11.882,10.115,255,0.958,0.958,1.002,86.216
8.234,1974,68.3,1.2,1.011,27,84,96,100,100,98,0,90,4.596,3.84,18,47,7.6,1,5,4.03,773,12.24,123,0,0,0,0,0,0,2.956,11.882,10.115,255,0.97,0.97,0.989,87.319
8.281,1978,55.3,1.2,1.009,27,84,96,100,100,98,0,90,3.86,3.104,18,47,6.4,1,5,4.03,773,12.24,123,0,0,0,0,0,0,2.394,12.376,10.611,255,0.968,0.968,0.992,87.135
8.328,1998,68,1.2,0.996,27,84,96,100,100,98,0,90,4.596,3.84,18,46,7.7,1,5,4.03,773,12.24,123,0,0,0,0,0,0,2.992,11.784,10.016,255,0.956,0.956,1.004,86.032
8.375,1975,81.5,1.2,0.989,27,84,96,100,100,98,0,90,5.364,4.6,18,46,8.8,1,5,4.03,773,12.12,123,0,0,0,0,0,0,3.543,11.784,10.016,255,0.95,0.95,1.011,85.481
8.422,1981,68.3,1.2,0.991,27,84,96,100,100,98,0,90,4.604,3.84,18,46,7.6,1,5,4.03,773,12.12,123,0,0,0,0,0,0,2.967,11.586,9.818,255,0.952,0.952,1.009,85.665
8.468,1985,55.5,1.2,1,27,84,96,100,100,98,0,90,3.892,3.136,18,47,6.4,1,5,4.03,773,12.24,123,0,0,0,0,0,0,2.428,12.08,10.313,255,0.96,0.96,1,86.4
8.515,2011,68.3,1.2,0.996,27,84,96,100,100,98,0,90,4.604,3.84,18,47,7.7,1,5,4.03,773,12.12,123,0,0,0,0,0,0,3.012,11.388,9.619,255,0.956,0.956,1.004,86.032
8.562,1995,66,1.2,0.985,27,84,96,100,100,98,0,90,4.488,3.732,18,47,7.5,1,5,4.03,773,12.24,123,0,0,0,0,0,0,2.904,12.278,10.512,255,0.946,0.946,1.015,85.113
8.609,1994,81.3,1.2,0.989,27,84,96,100,100,98,0,90,5.324,4.568,18,47,8.8,1,5,4.03,773,12.24,123,0,0,0,0,0,0,3.552,11.586,9.818,255,0.95,0.95,1.011,85.481
8.656,1988,67.8,1.2,0.989,27,84,96,100,100,98,0,90,4.568,3.812,18,46,7.6,1,5,4.03,773,12.24,123,0,0,0,0,0,0,2.956,11.981,10.214,255,0.95,0.95,1.011,85.481
8.703,1984,55.8,1.2,0.996,27,84,96,100,100,98,0,90,3.892,3.136,18,46,6.4,1,5,4.03,773,12.24,123,0,0,0,0,0,0,2.427,11.784,10.016,255,0.956,0.956,1.004,86.032
8.75,2010,67,1.2,1.002,27,84,96,100,100,98,0,90,4.536,3.78,18,47,7.6,1,5,4.03,773,12.24,123,0,0,0,0,0,0,2.963,11.487,9.718,255,0.962,0.962,0.998,86.584
8.797,1988,80.8,1.2,1.009,27,84,96,100,100,98,0,90,5.316,4.552,18,47,8.8,1,5,4.03,773,12.12,123,0,0,0,0,0,0,3.529,11.882,10.115,255,0.968,0.968,0.992,87.135
8.843,1982,68,1.2,1.002,27,84,96,100,100,98,0,90,4.604,3.84,18,46,7.6,1,5,4.03,773,12.12,123,0,0,0,0,0,0,2.968,11.586,9.818,255,0.962,0.962,0.998,86.584
8.89,1987,55.3,1.2,0.998,27,84,96,100,100,98,0,90,3.868,3.104,18,46,6.4,1,5,4.03,773,12.12,123,0,0,0,0,0,0,2.405,11.092,9.322,255,0.958,0.958,1.002,86.216
8.937,2020,67.8,1.2,0.991,27,84,96,100,100,98,0,90,4.568,3.812,18,46,7.7,1,5,4.03,773,12.24,123,0,0,0,0,0,0,3.003,11.487,9.718,255,0.952,0.952,1.009,85.665
8.984,1996,67.5,1.2,0.996,27,84,96,100,100,98,0,90,4.568,3.812,18,46,7.6,1,5,4.03,773,12.24,123,0,0,0,0,0,0,2.967,11.388,9.619,255,0.956,0.956,1.004,86.032
9.031,1986,81,1.2,1.009,27,84,96,100,100,98,0,90,5.324,4.568,18,47,8.8,1,5,4.03,773,12.24,123,0,0,0,0,0,0,3.538,12.278,10.512,255,0.968,0.968,0.992,87.135
9.078,2003,68,1.2,1.011,27,84,96,100,100,98,0,90,4.596,3.84,18,47,7.7,1,5,4.03,773,12.24,123,0,0,0,0,0,0,3,11.981,10.214,255,0.97,0.97,0.989,87.319
9.125,1978,55.5,1.2,1.009,27,84,96,100,100,98,0,90,3.9,3.136,18,47,6.4,1,5,4.03,773,12.12,123,0,0,0,0,0,0,2.419,11.981,10.214,255,0.968,0.968,0.992,87.135
9.172,1992,67.5,1.2,1,27,84,96,100,100,98,0,90,4.568,3.812,18,47,7.6,1,5,4.03,773,12.24,123,0,0,0,0,0,0,2.961,11.685,9.917,255,0.96,0.96,1,86.4
9.218,1996,80.8,1.2,0.996,27,84,96,100,100,98,0,90,5.308,4.552,18,47,8.8,1,5,4.03,773,12.24,123,0,0,0,0,0,0,3.543,11.685,9.917,255,0.956,0.956,1.004,86.032
9.265,2003,68,1.2,0.991,27,84,96,100,100,98,0,90,4.604,3.84,18,46,7.7,1,5,4.03,773,12.12,123,0,0,0,0,0,0,3,11.685,9.917,255,0.952,0.952,1.009,85.665
9.312,1985,55.3,1.2,0.991,27,84,96,100,100,98,0,90,3.868,3.104,18,46,6.4,1,5,4.03,773,12.12,123,0,0,0,0,0,0,2.403,11.981,10.214,255,0.952,0.952,1.009,85.665
9.359,1988,55.5,1.2,0.996,27,84,96,100,100,98,0,90,3.892,3.136,18,47,6.4,1,5,4.03,773,12.24,123,0,0,0,0,0,0,2.431,11.882,10.115,255,0.956,0.956,1.004,86.032
9.406,2027,67.5,1.2,1.002,27,84,96,100,100,98,0,90,4.568,3.812,18,47,7.7,1,5,4.03,773,12.24,123,0,0,0,0,0,0,3.014,11.882,10.115,255,0.962,0.962,0.998,86.584
9.453,2000,81,1.2,1,27,84,96,100,100,98,0,90,5.324,4.568,18,47,8.9,1,5,4.03,773,12.24,123,0,0,0,0,0,0,3.563,11.784,10.016,255,0.96,0.96,1,86.4
9.5,2000,67.5,1.2,1,27,84,96,100,100,98,0,90,4.568,3.812,18,47,7.6,1,5,4.03,773,12.24,123,0,0,0,0,0,0,2.973,11.981,10.214,255,0.96,0.96,1,86.4
9.547,1992,55.3,1.2,1,27,84,96,100,100,98,0,90,3.868,3.104,18,46,6.4,1,5,4.03,773,12.12,123,0,0,0,0,0,0,2.411,11.882,10.115,255,0.96,0.96,1,86.4
9.593,2024,67.8,1.2,0.996,27,84,96,100,100,98,0,90,4.568,3.812,18,46,7.7,1,5,4.03,773,12.24,123,0,0,0,0,0,0,3.009,11.882,10.115,255,0.956,0.956,1.004,86.032
9.64,2001,80,1.2,0.991,27,84,96,100,100,98,0,90,5.284,4.52,18,47,8.8,1,5,4.03,773,12.12,123,0,0,0,0,0,0,3.527,11.685,9.917,255,0.952,0.952,1.009,85.665
9.687,1994,68,1.2,1,27,84,96,100,100,98,0,90,4.604,3.84,18,47,7.6,1,5,4.03,773,12.12,123,0,0,0,0,0,0,2.986,11.388,9.619,255,0.96,0.96,1,86.4
9.734,2000,67.8,1.2,1.015,27,84,96,100,100,98,0,90,4.583,3.812,18,47,7.6,1,5,4.03,773,12,123,0,0,0,0,0,0,2.973,11.784,10.016,255,0.974,0.974,0.985,87.687
9.781,1986,55,1.2,1.015,27,84,96,100,100,98,0,90,3.86,3.104,18,47,6.4,1,5,4.03,773,12.24,123,0,0,0,0,0,0,2.404,11.685,9.917,255,0.974,0.974,0.985,87.687
9.843,2018,68.3,1.2,1.006,27,84,96,100,100,98,0,90,4.596,3.84,18,46,7.7,1,5,4.03,773,12.24,123,0,0,0,0,0,0,3.022,12.08,10.313,255,0.966,0.966,0.994,86.951
9.89,1982,80.5,1.2,1,27,84,96,100,100,98,0,90,5.308,4.552,18,46,8.8,1,5,4.03,773,12.24,123,0,0,0,0,0,0,3.519,11.882,10.115,255,0.96,0.96,1,86.4
9.937,1982,68,1.2,0.996,27,84,96,100,100,98,0,90,4.596,3.84,18,46,7.6,1,5,4.03,773,12.24,123,0,0,0,0,0,0,2.968,11.586,9.818,255,0.956,0.956,1.004,86.032
9.984,1979,55.8,1.2,0.996,27,84,96,100,100,98,0,90,3.9,3.136,18,47,6.4,1,5,4.03,773,12.12,123,0,0,0,0,0,0,2.42,12.08,10.313,255,0.956,0.956,1.004,86.032
10.031,2005,68,1.2,1.009,27,84,96,100,100,98,0,90,4.596,3.84,18,47,7.7,1,5,4.03,773,12.24,123,0,0,0,0,0,0,3.003,11.882,10.115,255,0.968,0.968,0.992,87.135
10.078,1966,81.5,1.2,1.006,27,84,96,100,100,98,0,90,5.364,4.6,18,47,8.8,1,5,4.03,773,12.12,123,0,0,0,0,0,0,3.527,11.882,10.115,255,0.966,0.966,0.994,86.951
10.125,1992,68.3,1.2,1.009,27,84,96,100,100,98,0,90,4.596,3.84,18,47,7.6,1,5,4.03,773,12.24,123,0,0,0,0,0,0,2.983,12.08,10.313,255,0.968,0.968,0.992,87.135
10.172,1995,55.8,1.2,1.011,27,84,96,100,100,98,0,90,4.604,3.84,18,47,7.7,1,5,4.03,773,12.12,123,0,0,0,0,0,0,2.988,11.685,9.917,255,0.97,0.97,0.989,87.319
10.218,1989,55.5,1.2,1.009,27,84,96,100,100,98,0,90,3.9,3.136,18,47,6.5,1,5,4.03,773,12.12,123,0,0,0,0,0,0,2.433,12.08,10.313,255,0.968,0.968,0.992,87.135
10.265,1995,68,1.2,1.002,27,84,96,100,100,98,0,90,4.596,3.84,18,46,7.6,1,5,4.03,773,12.24,123,0,0,0,0,0,0,2.988,11.981,10.214,255,0.962,0.962,0.998,86.584
10.312,1967,81.3,1.2,0.998,27,84,96,100,100,98,0,90,5.332,4.568,18,46,8.7,1,5,4.03,773,12.12,123,0,0,0,0,0,0,3.504,11.882,10.115,255,0.958,0.958,1.002,86.216
10.359,2005,68,1.2,0.998,27,84,96,100,100,98,0,90,4.596,3.84,18,47,7.7,1,5,4.03,773,12.24,123,0,0,0,0,0,0,3.003,11.784,10.016,255,0.958,0.958,1.002,86.216
10.406,1995,55.3,1.2,0.991,27,84,96,100,100,98,0,90,3.868,3.104,18,47,6.4,1,5,4.03,773,12.12,123,0,0,0,0,0,0,2.415,11.784,10.016,255,0.952,0.952,1.009,85.665
10.453,2015,68.8,1.2,0.987,27,84,96,100,100,98,0,90,4.616,3.86,18,47,7.8,1,5,4.03,773,12.24,123,0,0,0,0,0,0,3.033,11.388,9.619,255,0.948,0.948,1.013,85.297
10.5,1973,81.3,1.2,0.987,27,84,96,100,100,98,0,90,5.324,4.568,18,47,8.8,1,5,4.03,773,12.24,123,0,0,0,0,0,0,3.515,12.376,10.611,255,0.948,0.948,1.013,85.297
10.547,1985,68.3,1.2,0.998,27,84,96,100,100,98,0,90,4.596,3.84,18,47,7.6,1,5,4.03,773,12.24,123,0,0,0,0,0,0,2.973,11.685,9.917,255,0.958,0.958,1.002,86.216
10.593,1972,55.5,1.2,1.006,27,84,96,100,100,98,0,90,3.892,3.136,18,47,6.4,1,5,4.03,773,12.24,123,0,0,0,0,0,0,2.412,11.685,9.917,255,0.966,0.966,0.994,86.951
10.64,1977,55.5,1.2,1,27,84,96,100,100,98,0,90,3.9,3.136,18,47,6.4,1,5,4.03,773,12.12,123,0,0,0,0,0,0,2.418,11.685,9.917,255,0.96,0.96,1,86.4
10.687,1996,67.5,1.2,1.002,27,84,96,100,100,98,0,90,4.568,3.812,18,47,7.6,1,5,4.03,773,12.24,123,0,0,0,0,0,0,2.967,11.685,9.917,255,0.962,0.962,0.998,86.584
10.734,1984,81,1.2,1,27,84,96,100,100,98,0,90,5.332,4.568,18,47,8.8,1,5,4.03,773,12.12,123,0,0,0,0,0,0,3.535,11.882,10.115,255,0.96,0.96,1,86.4
10.781,1985,68,1.2,1.002,27,84,96,100,100,98,0,90,4.596,3.84,18,46,7.6,1,5,4.03,773,12.24,123,0,0,0,0,0,0,2.973,11.784,10.016,255,0.962,0.962,0.998,86.584
10.828,1978,55.8,1.2,0.996,27,84,96,100,100,98,0,90,3.892,3.136,18,46,6.4,1,5,4.03,773,12.24,123,0,0,0,0,0,0,2.419,11.685,9.917,255,0.956,0.956,1.004,86.032
10.875,2014,67.8,1.2,0.989,27,84,96,100,100,98,0,90,4.576,3.812,18,46,7.7,1,5,4.03,773,12.12,123,0,0,0,0,0,0,2.994,11.586,9.818,255,0.95,0.95,1.011,85.481
10.922,2013,80.5,1.2,0.996,27,84,96,100,100,98,0,90,5.316,4.552,18,46,8.9,1,5,4.03,773,12.12,123,0,0,0,0,0,0,3.574,12.08,10.313,255,0.956,0.956,1.004,86.032
10.968,2021,67.5,1.2,1.002,27,84,96,100,100,98,0,90,4.576,3.812,18,47,7.7,1,5,4.03,773,12.12,123,0,0,0,0,0,0,3.005,11.685,9.917,255,0.962,0.962,0.998,86.584
11.015,2007,67.8,1.2,0.991,27,84,96,100,100,98,0,90,4.568,3.812,18,47,7.6,1,5,4.03,773,12.24,123,0,0,0,0,0,0,2.984,11.882,10.115,255,0.952,0.952,1.009,85.665
11.062,2002,55.5,1.2,0.987,27,84,96,100,100,98,0,90,3.9,3.136,18,47,6.5,1,5,4.03,773,12.12,123,0,0,0,0,0,0,2.449,12.278,10.512,255,0.948,0.948,1.013,85.297
11.109,2021,66.5,1.2,0.989,27,84,96,100,100,98,0,90,4.5,3.744,18,47,7.6,1,5,4.03,773,12.24,123,0,0,0,0,0,0,2.951,11.685,9.917,255,0.95,0.95,1.011,85.481
11.156,1994,80.5,1.2,0.991,27,84,96,100,100,98,0,90,5.308,4.552,18,46,8.8,1,5,4.03,773,12.24,123,0,0,0,0,0,0,3.54,12.376,10.611,255,0.952,0.952,1.009,85.665
11.203,2022,67,1.2,0.985,27,84,96,100,100,98,0,90,4.536,3.78,18,46,7.6,1,5,4.03,773,12.24,123,0,0,0,0,0,0,2.981,12.08,10.313,255,0.946,0.946,1.015,85.113
11.25,2017,54.8,1.2,0.983,27,84,95,100,100,98,0,90,3.827,3.056,18,46,6.4,1,5,4.03,773,12,123,0,0,0,0,0,0,2.404,11.981,10.214,255,0.934,0.934,1.017,84.045
11.297,2034,67.5,1.2,0.983,27,84,95,100,100,98,0,90,4.552,3.796,18,46,7.7,1,5,4.03,773,12.24,123,0,0,0,0,0,0,3.011,11.685,9.917,255,0.934,0.934,1.017,84.045
11.343,2043,68,1.2,0.989,27,84,95,100,100,98,0,90,4.592,3.828,18,47,7.8,1,5,4.03,773,12.12,123,0,0,0,0,0,0,3.05,12.475,10.71,255,0.94,0.94,1.011,84.59
11.39,2007,80.5,1.2,0.991,27,84,95,100,100,98,0,90,5.292,4.536,18,47,8.9,1,5,4.03,773,12.24,123,0,0,0,0,0,0,3.55,12.08,10.313,255,0.942,0.942,1.009,84.772
11.437,2001,67.8,1.2,0.998,27,84,95,100,100,98,0,90,4.552,3.796,18,47,7.6,1,5,4.03,773,12.24,123,0,0,0,0,0,0,2.962,11.586,9.818,255,0.948,0.948,1.002,85.318
11.484,2000,55.3,1.2,0.998,27,84,95,100,100,98,0,90,3.848,3.092,18,46,6.4,1,5,4.03,773,12.24,123,0,0,0,0,0,0,2.412,12.08,10.313,255,0.948,0.948,1.002,85.318
11.531,2034,67.5,1.2,0.996,27,84,95,100,100,98,0,90,4.552,3.796,18,46,7.7,1,5,4.03,773,12.24,123,0,0,0,0,0,0,3.011,12.278,10.512,255,0.946,0.946,1.004,85.136
11.578,2002,80.8,1.2,0.991,27,84,95,100,100,98,0,90,5.3,4.536,18,47,8.8,1,5,4.03,773,12.12,123,0,0,0,0,0,0,3.542,12.08,10.313,255,0.942,0.942,1.009,84.772
11.625,2013,67.3,1.2,0.985,27,84,95,100,100,98,0,90,4.504,3.748,18,47,7.6,1,5,4.03,773,12.24,123,0,0,0,0,0,0,2.942,11.981,10.214,255,0.936,0.936,1.015,84.227
11.672,1986,54.8,1.2,0.981,27,84,95,100,100,98,0,90,4.512,3.748,18,47,7.5,1,5,4.03,773,12.12,123,0,0,0,0,0,0,2.903,12.475,10.71,255,0.932,0.932,1.02,83.863
11.718,2019,55,1.2,0.987,27,84,95,100,100,98,0,90,3.836,3.08,18,47,6.5,1,5,4.03,773,12.24,123,0,0,0,0,0,0,2.425,11.882,10.115,255,0.938,0.938,1.013,84.409
11.765,2018,66.5,1.2,0.983,27,84,95,100,100,98,0,90,4.48,3.716,18,46,7.5,1,5,4.03,773,12.12,123,0,0,0,0,0,0,2.925,12.278,10.512,255,0.934,0.934,1.017,84.045
11.812,1993,80.5,1.2,0.972,27,84,95,100,100,98,0,90,5.272,4.516,18,46,8.8,1,5,4.03,773,12.24,123,0,0,0,0,0,0,3.51,11.882,10.115,255,0.924,0.924,1.028,83.135
11.875,1985,67.5,1.2,0.977,27,84,94,100,100,98,0,90,4.528,3.764,18,46,7.5,1,5,4.03,773,12.12,123,0,0,0,0,0,0,2.914,12.278,10.512,255,0.918,0.918,1.024,82.62
11.922,2007,54.5,1.2,0.985,27,84,94,100,100,98,0,90,3.788,3.032,18,46,6.3,1,5,4.03,773,12.24,123,0,0,0,0,0,0,2.373,12.179,10.413,255,0.926,0.926,1.015,83.34
11.968,2018,66.8,1.2,1,27,84,94,100,100,98,0,90,4.464,3.7,18,46,7.5,1,5,4.03,772,12.12,123,0,0,0,0,0,0,2.912,11.981,10.214,255,0.94,0.94,1,84.6
12.015,1986,81,1.2,1,27,84,94,100,100,98,0,90,5.276,4.512,18,46,8.7,1,5,4.03,773,12.12,123,0,0,0,0,0,0,3.495,12.278,10.512,255,0.94,0.94,1,84.6
12.062,1977,80.5,1.2,1,27,84,94,100,100,98,0,90,5.252,4.496,18,46,8.7,1,5,4.03,772,12.24,123,0,0,0,0,0,0,3.467,11.685,9.917,255,0.94,0.94,1,84.6
12.109,1988,67,1.2,1,27,84,94,100,100,98,0,90,4.5,3.736,18,46,7.5,1,5,4.03,773,12.12,123,0,0,0,0,0,0,2.897,11.685,9.917,255,0.94,0.94,1,84.6
12.156,1989,55.3,1.2,1.002,27,84,94,100,100,98,0,90,3.82,3.064,18,47,6.3,1,5,4.03,773,12.24,123,0,0,0,0,0,0,2.377,11.981,10.214,255,0.942,0.942,0.998,84.78
12.203,2000,67.5,1.2,1.011,27,84,94,100,100,98,0,90,4.528,3.764,18,47,7.5,1,5,4.03,773,12.12,123,0,0,0,0,0,0,2.936,11.882,10.115,255,0.95,0.95,0.989,85.5
12.25,1963,81.3,1.2,0.998,27,84,94,100,100,98,0,90,5.268,4.512,18,47,8.6,1,5,4.03,773,12.24,123,0,0,0,0,0,0,3.454,12.179,10.413,255,0.938,0.938,1.002,84.42
12.297,1997,68,1.2,0.998,27,84,94,100,100,98,0,90,4.56,3.796,18,47,7.6,1,5,4.03,773,12.12,123,0,0,0,0,0,0,2.956,11.487,9.718,255,0.938,0.938,1.002,84.42
12.343,1976,55.5,1.2,1.006,27,84,94,100,100,98,0,90,3.852,3.096,18,47,6.3,1,5,4.03,772,12.24,123,0,0,0,0,0,0,2.386,11.981,10.214,255,0.946,0.946,0.994,85.14
12.39,2006,67.5,1.2,1.015,27,84,94,100,100,98,0,90,4.528,3.764,18,46,7.6,1,5,4.03,773,12.12,123,0,0,0,0,0,0,2.945,11.882,10.115,255,0.954,0.954,0.985,85.86
12.437,1982,81.3,1.2,1.019,27,84,94,100,100,98,0,90,5.276,4.512,18,46,8.7,1,5,4.03,772,12.12,123,0,0,0,0,0,0,3.488,11.882,10.115,255,0.958,0.958,0.981,86.22
12.484,1969,68.5,1.2,1.011,27,84,94,100,100,98,0,90,5.308,4.544,18,47,8.7,1,5,4.03,772,12.12,123,0,0,0,0,0,0,3.489,12.179,10.413,255,0.95,0.95,0.989,85.5
12.531,1982,68.5,1.2,1.006,27,84,94,100,100,98,0,90,4.576,3.812,18,47,7.6,1,5,4.03,773,12.12,123,0,0,0,0,0,0,2.947,11.586,9.818,255,0.946,0.946,0.994,85.14
12.578,1983,55.5,1.2,1.002,27,84,94,100,100,98,0,90,3.852,3.096,18,47,6.4,1,5,4.03,772,12.24,123,0,0,0,0,0,0,2.394,11.784,10.016,255,0.942,0.942,0.998,84.78
12.625,1975,68,1.2,1.021,27,84,95,100,100,98,0,90,4.568,3.812,18,47,7.5,1,5,4.03,773,12.24,123,0,0,0,0,0,0,2.936,11.981,10.214,255,0.97,0.97,0.979,87.319
12.672,1947,81.3,1.2,1.009,27,84,95,100,100,98,0,90,5.288,4.532,18,46,8.6,1,5,4.03,773,12.24,123,0,0,0,0,0,0,3.441,12.08,10.313,255,0.958,0.958,0.992,86.228
12.718,1975,68,1.2,1.015,27,84,95,100,100,98,0,90,4.568,3.812,18,46,7.5,1,5,4.03,772,12.24,123,0,0,0,0,0,0,2.936,11.191,9.421,255,0.964,0.964,0.985,86.773
12.765,1969,55.5,1.2,1.021,27,84,95,100,100,98,0,90,3.879,3.108,18,46,6.4,1,5,4.03,773,12,123,0,0,0,0,0,0,2.387,12.376,10.611,255,0.97,0.97,0.979,87.319
12.812,1998,68.5,1.2,1.019,27,84,95,100,100,98,0,90,4.584,3.828,18,46,7.6,1,5,4.03,772,12.24,123,0,0,0,0,0,0,2.983,11.586,9.818,255,0.968,0.968,0.981,87.137
12.859,1963,81,1.2,1.028,27,84,95,100,100,98,0,90,5.312,4.548,18,47,8.7,1,5,4.03,772,12.12,123,0,0,0,0,0,0,3.482,11.685,9.917,255,0.976,0.976,0.973,87.865
12.922,1984,68.5,1.2,1.021,27,84,95,100,100,98,0,90,4.6,3.844,18,47,7.6,1,5,4.03,773,12.24,123,0,0,0,0,0,0,2.974,11.191,9.421,255,0.97,0.97,0.979,87.319
12.968,1948,56,1.2,1.011,27,84,95,100,100,98,0,90,3.9,3.136,18,47,6.3,1,5,4.03,772,12.12,123,0,0,0,0,0,0,2.382,11.685,9.917,255,0.96,0.96,0.989,86.41
13.015,1965,66.3,1.2,1.015,27,84,95,100,100,98,0,90,4.48,3.716,18,46,7.3,1,5,4.03,772,12.12,123,0,0,0,0,0,0,2.848,12.179,10.413,255,0.964,0.964,0.985,86.773
13.062,1994,81.3,1.2,1.019,27,84,95,100,100,98,0,90,4.552,3.796,18,46,7.6,1,5,4.03,773,12.24,123,0,0,0,0,0,0,2.952,11.882,10.115,255,0.968,0.968,0.981,87.137
13.109,1971,81.5,1.2,1.021,27,84,96,100,100,98,0,90,5.371,4.6,18,46,8.8,1,5,4.03,773,12,123,0,0,0,0,0,0,3.536,11.685,9.917,255,0.98,0.98,0.979,88.238
13.156,1975,68.5,1.2,1.006,27,84,96,100,100,98,0,90,4.616,3.86,18,46,7.6,1,5,4.03,773,12.24,123,0,0,0,0,0,0,2.973,11.388,9.619,255,0.966,0.966,0.994,86.951
13.203,1959,56,1.2,1.002,27,84,96,100,100,98,0,90,3.904,3.148,18,47,6.4,1,5,4.03,773,12.24,123,0,0,0,0,0,0,2.405,11.685,9.917,255,0.962,0.962,0.998,86.584
13.25,1967,68.3,1.2,1.015,27,84,96,100,100,98,0,90,4.596,3.84,18,47,7.5,1,5,4.03,773,12.24,123,0,0,0,0,0,0,2.946,11.586,9.818,255,0.974,0.974,0.985,87.687
13.297,1959,81.3,1.2,1.015,27,84,96,100,100,98,0,90,5.324,4.568,18,46,8.7,1,5,4.03,773,12.24,123,0,0,0,0,0,0,3.49,12.278,10.512,255,0.974,0.974,0.985,87.687
13.343,1995,68.3,1.2,1.009,27,84,96,100,100,98,0,90,4.604,3.84,18,46,7.7,1,5,4.03,773,12.12,123,0,0,0,0,0,0,2.988,11.586,9.818,255,0.968,0.968,0.992,87.135
13.39,1950,55.8,1.2,1.009,27,84,96,100,100,98,0,90,3.892,3.136,18,46,6.3,1,5,4.03,772,12.24,123,0,0,0,0,0,0,2.385,11.685,9.917,255,0.968,0.968,0.992,87.135
13.437,1962,67.5,1.2,1.011,27,84,96,100,100,98,0,90,4.568,3.812,18,46,7.5,1,5,4.03,773,12.24,123,0,0,0,0,0,0,2.917,11.882,10.115,255,0.97,0.97,0.989,87.319
13.484,1971,81.8,1.2,1.015,27,84,96,100,100,98,0,90,5.364,4.6,18,47,8.8,1,5,4.03,772,12.12,123,0,0,0,0,0,0,3.536,11.784,10.016,255,0.974,0.974,0.985,87.687
13.531,1979,68.8,1.2,1.009,27,84,96,100,100,98,0,90,4.616,3.86,18,47,7.6,1,5,4.03,772,12.24,123,0,0,0,0,0,0,2.979,12.08,10.313,255,0.968,0.968,0.992,87.135
13.578,1976,55.8,1.2,1.002,27,84,96,100,100,98,0,90,3.9,3.136,18,47,6.4,1,5,4.03,772,12.12,123,0,0,0,0,0,0,2.417,11.981,10.214,255,0.962,0.962,0.998,86.584
13.625,1975,67.3,1.2,1.011,27,84,96,100,100,98,0,90,3.86,3.104,18,47,6.4,1,5,4.03,772,12.24,123,0,0,0,0,0,0,2.391,11.784,10.016,255,0.97,0.97,0.989,87.319
13.672,2010,68,1.2,1.009,27,84,96,100,100,98,0,90,4.611,3.84,18,46,7.7,1,5,4.03,773,12,123,0,0,0,0,0,0,3.01,11.981,10.214,255,0.968,0.968,0.992,87.135
13.718,1979,81.3,1.2,1.006,27,84,96,100,100,98,0,90,5.332,4.568,18,46,8.8,1,5,4.03,773,12.12,123,0,0,0,0,0,0,3.526,11.586,9.818,255,0.966,0.966,0.994,86.951
13.765,1993,68,1.2,1.011,27,84,96,100,100,98,0,90,4.596,3.84,18,46,7.6,1,5,4.03,772,12.24,123,0,0,0,0,0,0,2.985,11.784,10.016,255,0.97,0.97,0.989,87.319
13.812,1974,55.5,1.2,1.011,27,84,96,100,100,98,0,90,3.892,3.136,18,47,6.4,1,5,4.03,773,12.24,123,0,0,0,0,0,0,2.414,12.179,10.413,255,0.97,0.97,0.989,87.319
13.859,2001,67.3,1.2,1.002,27,84,96,100,100,98,0,90,4.536,3.78,18,47,7.6,1,5,4.03,773,12.24,123,0,0,0,0,0,0,2.95,11.191,9.421,255,0.962,0.962,0.998,86.584
13.922,1967,81.3,1.2,0.989,27,84,96,100,100,98,0,90,5.332,4.568,18,47,8.7,1,5,4.03,772,12.12,123,0,0,0,0,0,0,3.504,12.08,10.313,255,0.95,0.95,1.011,85.481
13.968,1992,68.8,1.2,0.989,27,84,96,100,100,98,0,90,4.616,3.86,18,47,7.7,1,5,4.03,773,12.24,123,0,0,0,0,0,0,2.999,11.29,9.52,255,0.95,0.95,1.011,85.481
14.015,1971,55.8,1.2,0.985,27,84,96,100,100,98,0,90,3.9,3.136,18,47,6.4,1,5,4.03,772,12.12,123,0,0,0,0,0,0,2.411,11.586,9.818,255,0.946,0.946,1.015,85.113
14.062,2006,68.5,1.2,0.991,27,84,96,100,100,98,0,90,4.624,3.86,18,47,7.7,1,5,4.03,772,12.12,123,0,0,0,0,0,0,3.02,11.685,9.917,255,0.952,0.952,1.009,85.665
14.109,1960,81.3,1.2,1.011,27,84,96,100,100,98,0,90,5.324,4.568,18,46,8.7,1,5,4.03,773,12.24,123,0,0,0,0,0,0,3.492,11.882,10.115,255,0.97,0.97,0.989,87.319
14.156,1978,81,1.2,1.009,27,84,96,100,100,98,0,90,5.332,4.568,18,46,8.8,1,5,4.03,773,12.12,123,0,0,0,0,0,0,3.524,11.784,10.016,255,0.968,0.968,0.992,87.135
14.203,1971,68,1.2,1,27,84,96,100,100,98,0,90,4.596,3.84,18,47,7.5,1,5,4.03,773,12.24,123,0,0,0,0,0,0,2.952,11.487,9.718,255,0.96,0.96,1,86.4
14.25,1973,55.3,1.2,0.991,27,84,96,100,100,98,0,90,3.868,3.104,18,47,6.4,1,5,4.03,773,12.12,123,0,0,0,0,0,0,2.388,11.784,10.016,255,0.952,0.952,1.009,85.665
14.297,2005,68.3,1.2,1.002,27,84,96,100,100,98,0,90,4.596,3.84,18,47,7.7,1,5,4.03,773,12.24,123,0,0,0,0,0,0,3.003,11.388,9.619,255,0.962,0.962,0.998,86.584
14.343,1978,81,1.2,0.996,27,84,96,100,100,98,0,90,5.324,4.568,18,47,8.8,1,5,4.03,773,12.24,123,0,0,0,0,0,0,3.524,11.981,10.214,255,0.956,0.956,1.004,86.032
14.39,1976,67.8,1.2,0.998,27,84,96,100,100,98,0,90,4.583,3.812,18,46,7.5,1,5,4.03,773,12,123,0,0,0,0,0,0,2.938,11.685,9.917,255,0.958,0.958,1.002,86.216
14.437,1970,55.3,1.2,1.002,27,84,96,100,100,98,0,90,3.86,3.104,18,46,6.3,1,5,4.03,773,12.24,123,0,0,0,0,0,0,2.385,11.882,10.115,255,0.962,0.962,0.998,86.584
14.484,1976,66.8,1.2,1.006,27,84,96,100,100,98,0,90,4.508,3.744,18,46,7.4,1,5,4.03,773,12.12,123,0,0,0,0,0,0,2.885,11.981,10.214,255,0.966,0.966,0.994,86.951
14.531,1982,81.3,1.2,1.015,27,84,96,100,100,98,0,90,5.324,4.568,18,46,8.8,1,5,4.03,773,12.24,123,0,0,0,0,0,0,3.531,11.388,9.619,255,0.974,0.974,0.985,87.687
14.578,1997,68,1.2,1.015,27,84,96,100,100,98,0,90,4.604,3.84,18,46,7.7,1,5,4.03,773,12.12,123,0,0,0,0,0,0,2.991,11.487,9.718,255,0.974,0.974,0.985,87.687
14.625,1982,68.8,1.2,0.996,27,84,96,100,100,98,0,90,4.616,3.86,18,47,7.6,1,5,4.03,773,12.24,123,0,0,0,0,0,0,2.984,11.586,9.818,255,0.956,0.956,1.004,86.032
14.672,1975,55.5,1.2,0.996,27,84,96,100,100,98,0,90,3.892,3.136,18,47,6.4,1,5,4.03,773,12.24,123,0,0,0,0,0,0,2.416,12.179,10.413,255,0.956,0.956,1.004,86.032
14.718,2013,67.3,1.2,0.991,27,84,96,100,100,98,0,90,4.536,3.78,18,46,7.6,1,5,4.03,773,12.24,123,0,0,0,0,0,0,2.968,11.586,9.818,255,0.952,0.952,1.009,85.665
14.765,1966,80.8,1.2,0.991,27,84,96,100,100,98,0,90,5.308,4.552,18,46,8.7,1,5,4.03,773,12.24,123,0,0,0,0,0,0,3.49,11.784,10.016,255,0.952,0.952,1.009,85.665
14.812,1989,67.3,1.2,1,27,84,96,100,100,98,0,90,4.544,3.78,18,46,7.5,1,5,4.03,773,12.12,123,0,0,0,0,0,0,2.932,11.784,10.016,255,0.96,0.96,1,86.4
14.859,1971,55.5,1.2,0.998,27,84,96,100,100,98,0,90,3.892,3.136,18,46,6.4,1,5,4.03,773,12.24,123,0,0,0,0,0,0,2.411,11.685,9.917,255,0.958,0.958,1.002,86.216
14.906,1997,66.8,1.2,0.998,27,84,96,100,100,98,0,90,4.508,3.744,18,47,7.5,1,5,4.03,773,12.12,123,0,0,0,0,0,0,2.916,11.981,10.214,255,0.958,0.958,1.002,86.216
14.968,1970,81,1.2,0.991,27,84,96,100,100,98,0,90,5.332,4.568,18,47,8.8,1,5,4.03,773,12.12,123,0,0,0,0,0,0,3.51,11.784,10.016,255,0.952,0.952,1.009,85.665
15.015,1987,68.3,1.2,1.006,27,84,96,100,100,98,0,90,4.596,3.84,18,46,7.6,1,5,4.03,773,12.24,123,0,0,0,0,0,0,2.976,11.586,9.818,255,0.966,0.966,0.994,86.951
15.062,1999,55,1.2,1.015,27,84,96,100,100,98,0,90,3.868,3.104,18,46,6.4,1,5,4.03,773,12.12,123,0,0,0,0,0,0,2.42,11.388,9.619,255,0.974,0.974,0.985,87.687
15.109,1972,54.8,1.2,1.009,27,84,96,100,100,98,0,90,3.824,3.068,18,47,6.3,1,5,4.03,773,12.24,123,0,0,0,0,0,0,2.36,11.981,10.214,255,0.968,0.968,0.992,87.135
15.156,2013,67.5,1.2,0.996,27,84,96,100,100,98,0,90,4.576,3.812,18,47,7.7,1,5,4.03,773,12.12,123,0,0,0,0,0,0,2.993,11.784,10.016,255,0.956,0.956,1.004,86.032
15.203,1980,81.3,1.2,1.011,27,84,96,100,100,98,0,90,5.324,4.568,18,47,8.8,1,5,4.03,773,12.24,123,0,0,0,0,0,0,3.527,12.376,10.611,255,0.97,0.97,0.989,87.319
15.25,1977,68.3,1.2,1.019,27,84,96,100,100,98,0,90,4.612,3.856,18,47,7.6,1,5,4.03,773,12.24,123,0,0,0,0,0,0,2.973,11.388,9.619,255,0.978,0.978,0.981,88.054
15.297,1975,55.8,1.2,1.015,27,84,96,100,100,98,0,90,3.904,3.148,18,47,6.4,1,5,4.03,773,12.24,123,0,0,0,0,0,0,2.425,12.179,10.413,255,0.974,0.974,0.985,87.687
15.343,2012,67.5,1.2,1.015,27,84,96,100,100,98,0,90,4.584,3.828,18,47,7.7,1,5,4.03,773,12.24,123,0,0,0,0,0,0,3.004,11.685,9.917,255,0.974,0.974,0.985,87.687
15.39,1964,81,1.2,1.002,27,84,96,100,100,98,0,90,5.359,4.588,18,47,8.8,1,5,4.03,773,12,123,0,0,0,0,0,0,3.514,11.981,10.214,255,0.962,0.962,0.998,86.584
15.437,1990,67.5,1.2,1,27,84,96,100,100,98,0,90,4.584,3.828,18,46,7.6,1,5,4.03,773,12.24,123,0,0,0,0,0,0,2.971,11.586,9.818,255,0.96,0.96,1,86.4
15.484,1993,55,1.2,1.006,27,84,96,100,100,98,0,90,3.887,3.116,18,46,6.5,1,5,4.03,773,12,123,0,0,0,0,0,0,2.422,11.981,10.214,255,0.966,0.966,0.994,86.951
15.531,2001,67,1.2,1.002,27,84,96,100,100,98,0,90,4.552,3.796,18,47,7.6,1,5,4.03,773,12.24,123,0,0,0,0,0,0,2.962,11.981,10.214,255,0.962,0.962,0.998,86.584
15.578,1998,67,1.2,1,27,84,96,100,100,98,0,90,4.567,3.796,18,47,7.6,1,5,4.03,773,12,123,0,0,0,0,0,0,2.958,11.586,9.818,255,0.96,0.96,1,86.4
15.625,1970,80.8,1.2,0.998,27,84,96,100,100,98,0,90,5.328,4.572,18,47,8.7,1,5,4.03,773,12.24,123,0,0,0,0,0,0,3.513,11.784,10.016,255,0.958,0.958,1.002,86.216
15.672,2000,68.3,1.2,0.996,27,84,96,100,100,98,0,90,4.612,3.856,18,47,7.7,1,5,4.03,773,12.24,123,0,0,0,0,0,0,3.008,11.586,9.818,255,0.956,0.956,1.004,86.032
15.718,1975,55,1.2,1,27,84,96,100,100,98,0,90,3.88,3.116,18,46,6.4,1,5,4.03,773,12.12,123,0,0,0,0,0,0,2.4,12.179,10.413,255,0.96,0.96,1,86.4
15.765,2006,68.8,1.2,1.002,27,84,96,100,100,98,0,90,4.632,3.876,18,46,7.7,1,5,4.03,773,12.24,123,0,0,0,0,0,0,3.032,11.981,10.214,255,0.962,0.962,0.998,86.584
15.812,1978,81.5,1.2,0.998,27,84,96,100,100,98,0,90,5.372,4.616,18,47,8.9,1,5,4.03,773,12.24,123,0,0,0,0,0,0,3.561,12.376,10.611,255,0.958,0.958,1.002,86.216
15.859,1996,68.3,1.2,0.989,27,84,96,100,100,98,0,90,4.612,3.856,18,47,7.7,1,5,4.03,773,12.24,123,0,0,0,0,0,0,3.002,11.388,9.619,255,0.95,0.95,1.011,85.481
15.906,1974,55.8,1.2,0.981,27,84,96,100,100,98,0,90,3.904,3.148,18,47,6.4,1,5,4.03,773,12.24,123,0,0,0,0,0,0,2.424,11.981,10.214,255,0.942,0.942,1.02,84.746
15.953,2007,66.3,1.2,0.996,27,84,96,100,100,98,0,90,4.515,3.744,18,47,7.6,1,5,4.03,773,12,123,0,0,0,0,0,0,2.931,11.586,9.818,255,0.956,0.956,1.004,86.032
16,1962,81,1.2,0.998,27,84,96,100,100,98,0,90,5.344,4.588,18,47,8.7,1,5,4.03,773,12.24,123,0,0,0,0,0,0,3.511,11.685,9.917,255,0.958,0.958,1.002,86.216
16.047,1972,81,1.2,0.991,27,84,96,100,100,98,0,90,5.352,4.588,18,46,8.8,1,5,4.03,773,12.12,123,0,0,0,0,0,0,3.529,12.179,10.413,255,0.952,0.952,1.009,85.665
16.093,1976,67.8,1.2,1,27,84,96,100,100,98,0,90,4.584,3.828,18,46,7.5,1,5,4.03,773,12.24,123,0,0,0,0,0,0,2.95,11.685,9.917,255,0.96,0.96,1,86.4
16.14,1960,55.8,1.2,1.002,27,84,96,100,100,98,0,90,3.904,3.148,18,47,6.4,1,5,4.03,773,12.24,123,0,0,0,0,0,0,2.406,11.685,9.917,255,0.962,0.962,0.998,86.584
16.187,1992,67.5,1.2,0.998,27,84,96,100,100,98,0,90,4.584,3.828,18,47,7.6,1,5,4.03,773,12.24,123,0,0,0,0,0,0,2.974,11.882,10.115,255,0.958,0.958,1.002,86.216
16.234,1953,81.5,1.2,1,27,84,96,100,100,98,0,90,5.372,4.616,18,47,8.7,1,5,4.03,773,12.24,123,0,0,0,0,0,0,3.516,11.882,10.115,255,0.96,0.96,1,86.4
16.281,1971,68.8,1.2,0.996,27,84,96,100,100,98,0,90,4.64,3.876,18,47,7.6,1,5,4.03,773,12.12,123,0,0,0,0,0,0,2.979,11.586,9.818,255,0.956,0.956,1.004,86.032
16.328,1959,55.8,1.2,1.002,27,84,96,100,100,98,0,90,3.904,3.148,18,47,6.4,1,5,4.03,773,12.24,123,0,0,0,0,0,0,2.405,12.278,10.512,255,0.962,0.962,0.998,86.584
16.375,1976,67.5,1.2,1,27,84,96,100,100,98,0,90,4.584,3.828,18,47,7.5,1,5,4.03,773,12.24,123,0,0,0,0,0,0,2.95,11.092,9.322,255,0.96,0.96,1,86.4
16.422,1957,81.8,1.2,0.996,27,84,96,100,100,98,0,90,5.38,4.616,18,47,8.8,1,5,4.03,773,12.12,123,0,0,0,0,0,0,3.523,11.882,10.115,255,0.956,0.956,1.004,86.032
16.468,1966,68.8,1.2,1.002,27,84,96,100,100,98,0,90,4.632,3.876,18,47,7.6,1,5,4.03,773,12.24,123,0,0,0,0,0,0,2.972,11.882,10.115,255,0.962,0.962,0.998,86.584
16.515,1952,55.5,1.2,1.006,27,84,96,100,100,98,0,90,3.912,3.148,18,47,6.4,1,5,4.03,773,12.12,123,0,0,0,0,0,0,2.397,11.685,9.917,255,0.966,0.966,0.994,86.951
16.562,1984,67,1.2,1,27,84,96,100,100,98,0,90,4.552,3.796,18,47,7.5,1,5,4.03,773,12.24,123,0,0,0,0,0,0,2.937,11.685,9.917,255,0.96,0.96,1,86.4
16.609,1954,81.5,1.2,1.015,27,84,96,100,100,98,0,90,5.38,4.616,18,47,8.8,1,5,4.03,773,12.12,123,0,0,0,0,0,0,3.518,11.882,10.115,255,0.974,0.974,0.985,87.687
16.656,1966,81.3,1.2,1.019,27,84,96,100,100,98,0,90,5.352,4.588,18,47,8.8,1,5,4.03,773,12.12,123,0,0,0,0,0,0,3.518,11.586,9.818,255,0.978,0.978,0.981,88.054
16.703,1966,67.8,1.2,1.015,27,84,96,100,100,98,0,90,4.584,3.828,18,47,7.5,1,5,4.03,773,12.24,123,0,0,0,0,0,0,2.935,11.29,9.52,255,0.974,0.974,0.985,87.687
16.75,1957,55.3,1.2,0.998,27,84,96,100,100,98,0,90,3.88,3.116,18,46,6.3,1,5,4.03,773,12.12,123,0,0,0,0,0,0,2.378,11.882,10.115,255,0.958,0.958,1.002,86.216
16.797,1997,69,1.2,0.989,27,84,96,100,100,98,0,90,4.664,3.908,18,46,7.8,1,5,4.03,773,12.24,123,0,0,0,0,0,0,3.044,11.882,10.115,255,0.95,0.95,1.011,85.481
16.843,1960,81.5,1.2,0.996,27,84,96,100,100,98,0,90,5.372,4.616,18,46,8.8,1,5,4.03,773,12.24,123,0,0,0,0,0,0,3.528,12.179,10.413,255,0.956,0.956,1.004,86.032
16.89,1978,68.5,1.2,0.998,27,84,96,100,100,98,0,90,4.632,3.876,18,46,7.6,1,5,4.03,773,12.24,123,0,0,0,0,0,0,2.99,11.388,9.619,255,0.958,0.958,1.002,86.216
16.937,1959,55.8,1.2,0.987,27,84,96,100,100,98,0,90,3.904,3.148,18,47,6.4,1,5,4.03,773,12.24,123,0,0,0,0,0,0,2.405,11.586,9.818,255,0.948,0.948,1.013,85.297
17,1972,65.8,1.2,1.002,27,84,96,100,100,98,0,90,4.464,3.7,18,47,7.3,1,5,4.03,773,12.12,123,0,0,0,0,0,0,2.846,11.586,9.818,255,0.962,0.962,0.998,86.584
17.047,1971,81.5,1.2,1.006,27,84,96,100,100,98,0,90,5.364,4.6,18,47,8.8,1,5,4.03,773,12.12,123,0,0,0,0,0,0,3.536,11.586,9.818,255,0.966,0.966,0.994,86.951
17.093,1961,68.3,1.2,1.009,27,84,96,100,100,98,0,90,4.604,3.84,18,47,7.5,1,5,4.03,773,12.12,123,0,0,0,0,0,0,2.937,11.586,9.818,255,0.968,0.968,0.992,87.135
17.14,1960,55.8,1.2,1.002,27,84,96,100,100,98,0,90,3.9,3.136,18,46,6.4,1,5,4.03,773,12.12,123,0,0,0,0,0,0,2.397,11.586,9.818,255,0.962,0.962,0.998,86.584
17.187,1991,67.3,1.2,0.991,27,84,96,100,100,98,0,90,4.536,3.78,18,46,7.5,1,5,4.03,773,12.24,123,0,0,0,0,0,0,2.935,11.882,10.115,255,0.952,0.952,1.009,85.665
17.234,1975,81.5,1.2,1.011,27,84,96,100,100,98,0,90,4.611,3.84,18,47,7.6,1,5,4.03,773,12,123,0,0,0,0,0,0,2.958,11.685,9.917,255,0.97,0.97,0.989,87.319
17.281,1955,81.5,1.2,1.028,27,84,96,100,100,98,0,90,5.356,4.6,18,47,8.7,1,5,4.03,773,12.24,123,0,0,0,0,0,0,3.507,12.179,10.413,255,0.987,0.987,0.973,88.79
17.328,1981,68,1.2,1.019,27,84,96,100,100,98,0,90,4.612,3.856,18,47,7.6,1,5,4.03,773,12.24,123,0,0,0,0,0,0,2.979,11.388,9.619,255,0.978,0.978,0.981,88.054
17.375,1963,55.8,1.2,1.006,27,84,96,100,100,98,0,90,3.912,3.148,18,47,6.4,1,5,4.03,773,12.12,123,0,0,0,0,0,0,2.41,12.08,10.313,255,0.966,0.966,0.994,86.951
17.422,1998,68.8,1.2,1,27,84,96,100,100,98,0,90,4.632,3.876,18,46,7.7,1,5,4.03,773,12.24,123,0,0,0,0,0,0,3.02,11.981,10.214,255,0.96,0.96,1,86.4
17.468,1962,81.5,1.2,1,27,84,96,100,100,98,0,90,5.38,4.616,18,46,8.8,1,5,4.03,773,12.12,123,0,0,0,0,0,0,3.532,11.882,10.115,255,0.96,0.96,1,86.4
17.515,1991,68.5,1.2,1.006,27,84,96,100,100,98,0,90,4.632,3.876,18,46,7.7,1,5,4.03,773,12.24,123,0,0,0,0,0,0,3.01,11.586,9.818,255,0.966,0.966,0.994,86.951
17.562,1986,55.3,1.2,0.996,27,84,96,100,100,98,0,90,3.88,3.116,18,47,6.4,1,5,4.03,773,12.12,123,0,0,0,0,0,0,2.413,11.685,9.917,255,0.956,0.956,1.004,86.032
17.609,2012,67.3,1.2,0.996,27,84,96,100,100,98,0,90,4.552,3.796,18,47,7.6,1,5,4.03,773,12.24,123,0,0,0,0,0,0,2.979,11.685,9.917,255,0.956,0.956,1.004,86.032
17.656,1985,81,1.2,0.991,27,84,96,100,100,98,0,90,5.352,4.588,18,47,8.9,1,5,4.03,773,12.12,123,0,0,0,0,0,0,3.552,11.981,10.214,255,0.952,0.952,1.009,85.665
17.703,1990,67.5,1.2,0.991,27,84,96,100,100,98,0,90,4.584,3.828,18,47,7.6,1,5,4.03,773,12.24,123,0,0,0,0,0,0,2.971,11.981,10.214,255,0.952,0.952,1.009,85.665
17.75,1994,68.3,1.2,0.998,27,84,96,100,100,98,0,90,4.612,3.856,18,46,7.7,1,5,4.03,773,12.24,123,0,0,0,0,0,0,2.999,11.685,9.917,255,0.958,0.958,1.002,86.216
17.797,1970,55.8,1.2,1,27,84,96,100,100,98,0,90,3.912,3.148,18,46,6.4,1,5,4.03,773,12.12,123,0,0,0,0,0,0,2.419,12.08,10.313,255,0.96,0.96,1,86.4
17.843,1989,67,1.2,1.002,27,84,96,100,100,98,0,90,4.552,3.796,18,47,7.5,1,5,4.03,773,12.24,123,0,0,0,0,0,0,2.945,11.882,10.115,255,0.962,0.962,0.998,86.584
17.89,1988,80.8,1.2,0.996,27,84,96,100,100,98,0,90,5.336,4.572,18,47,8.8,1,5,4.03,773,12.12,123,0,0,0,0,0,0,3.545,12.871,11.107,255,0.956,0.956,1.004,86.032
17.937,2004,67.5,1.2,0.991,27,84,96,100,100,98,0,90,4.584,3.828,18,47,7.7,1,5,4.03,773,12.24,123,0,0,0,0,0,0,2.992,11.981,10.214,255,0.952,0.952,1.009,85.665
17.984,1978,55.3,1.2,0.998,27,84,96,100,100,98,0,90,3.872,3.116,18,47,6.4,1,5,4.03,773,12.24,123,0,0,0,0,0,0,2.404,12.278,10.512,255,0.958,0.958,1.002,86.216
18.031,2008,67.3,1.2,1.006,27,84,96,100,100,98,0,90,4.552,3.796,18,47,7.6,1,5,4.03,773,12.24,123,0,0,0,0,0,0,2.973,11.685,9.917,255,0.966,0.966,0.994,86.951
18.078,1980,81.5,1.2,1.011,27,84,96,100,100,98,0,90,5.38,4.616,18,47,8.9,1,5,4.03,773,12.12,123,0,0,0,0,0,0,3.564,11.981,10.214,255,0.97,0.97,0.989,87.319
18.125,1997,68.3,1.2,1.002,27,84,96,100,100,98,0,90,4.62,3.856,18,46,7.7,1,5,4.03,773,12.12,123,0,0,0,0,0,0,3.003,12.179,10.413,255,0.962,0.962,0.998,86.584
18.172,1979,67.8,1.2,0.998,27,84,96,100,100,98,0,90,4.584,3.828,18,46,7.6,1,5,4.03,773,12.24,123,0,0,0,0,0,0,2.954,11.882,10.115,255,0.958,0.958,1.002,86.216
18.218,1970,55,1.2,1,27,84,96,100,100,98,0,90,3.88,3.116,18,46,6.4,1,5,4.03,773,12.12,123,0,0,0,0,0,0,2.394,11.981,10.214,255,0.96,0.96,1,86.4
18.265,1999,68.8,1.2,0.998,27,84,96,100,100,98,0,90,4.632,3.876,18,47,7.7,1,5,4.03,773,12.24,123,0,0,0,0,0,0,3.022,11.981,10.214,255,0.958,0.958,1.002,86.216
18.312,1964,81,1.2,0.998,27,84,96,100,100,98,0,90,5.344,4.588,18,47,8.7,1,5,4.03,773,12.24,123,0,0,0,0,0,0,3.514,11.784,10.016,255,0.958,0.958,1.002,86.216
18.359,1989,68.8,1.2,1,27,84,96,100,100,98,0,90,4.632,3.876,18,47,7.7,1,5,4.03,773,12.24,123,0,0,0,0,0,0,3.007,11.487,9.718,255,0.96,0.96,1,86.4
18.406,1982,55.8,1.2,1.006,27,84,96,100,100,98,0,90,3.904,3.148,18,47,6.4,1,5,4.03,773,12.24,123,0,0,0,0,0,0,2.433,11.882,10.115,255,0.966,0.966,0.994,86.951
18.453,1996,67.3,1.2,1.002,27,84,96,100,100,98,0,90,4.567,3.796,18,46,7.6,1,5,4.03,773,12,123,0,0,0,0,0,0,2.955,11.586,9.818,255,0.962,0.962,0.998,86.584
18.5,1956,81,1.2,0.989,27,84,96,100,100,98,0,90,5.344,4.588,18,46,8.7,1,5,4.03,773,12.24,123,0,0,0,0,0,0,3.5,11.882,10.115,255,0.95,0.95,1.011,85.481
18.547,1993,68,1.2,1.015,27,84,96,100,100,98,0,90,4.627,3.856,18,47,7.7,1,5,4.03,773,12,123,0,0,0,0,0,0,2.997,11.784,10.016,255,0.974,0.974,0.985,87.687
18.593,1994,55.5,1.2,1.011,27,84,96,100,100,98,0,90,3.916,3.16,18,47,6.5,1,5,4.03,773,12.24,123,0,0,0,0,0,0,2.457,11.685,9.917,255,0.97,0.97,0.989,87.319
18.64,1990,55.3,1.2,0.989,27,84,96,100,100,98,0,90,3.899,3.128,18,46,6.5,1,5,4.03,773,12,123,0,0,0,0,0,0,2.428,11.981,10.214,255,0.95,0.95,1.011,85.481
18.687,1998,67.5,1.2,0.979,27,84,96,100,100,98,0,90,4.584,3.828,18,46,7.6,1,5,4.03,773,12.24,123,0,0,0,0,0,0,2.983,11.784,10.016,255,0.94,0.94,1.022,84.562
18.734,1970,80.8,1.2,0.979,27,84,96,100,100,98,0,90,5.328,4.572,18,46,8.7,1,5,4.03,773,12.24,123,0,0,0,0,0,0,3.513,11.882,10.115,255,0.94,0.94,1.022,84.562
18.781,2001,67.8,1.2,0.991,27,84,96,100,100,98,0,90,4.584,3.828,18,46,7.6,1,5,4.03,773,12.24,123,0,0,0,0,0,0,2.987,11.981,10.214,255,0.952,0.952,1.009,85.665
18.828,1991,55,1.2,0.991,27,84,96,100,100,98,0,90,3.872,3.116,18,47,6.4,1,5,4.03,773,12.24,123,0,0,0,0,0,0,2.42,12.475,10.71,255,0.952,0.952,1.009,85.665
18.875,2018,67.3,1.2,0.987,27,84,96,100,100,98,0,90,4.56,3.796,18,47,7.7,1,5,4.03,773,12.12,123,0,0,0,0,0,0,2.988,11.685,9.917,255,0.948,0.948,1.013,85.297
18.922,1978,80.5,1.2,0.989,27,84,96,100,100,98,0,90,5.328,4.572,18,47,8.8,1,5,4.03,773,12.24,123,0,0,0,0,0,0,3.527,11.981,10.214,255,0.95,0.95,1.011,85.481
18.968,2011,67.8,1.2,0.987,27,84,96,100,100,98,0,90,4.599,3.828,18,47,7.7,1,5,4.03,773,12,123,0,0,0,0,0,0,3.002,11.586,9.818,255,0.948,0.948,1.013,85.297
19.015,2009,55.8,1.2,0.991,27,84,96,100,100,98,0,90,4.584,3.828,18,47,7.7,1,5,4.03,773,12.24,123,0,0,0,0,0,0,2.999,11.784,10.016,255,0.952,0.952,1.009,85.665
19.062,1985,55.5,1.2,0.989,27,84,96,100,100,98,0,90,3.919,3.148,18,46,6.5,1,5,4.03,773,12,123,0,0,0,0,0,0,2.437,11.784,10.016,255,0.95,0.95,1.011,85.481
19.109,2006,66.5,1.2,0.985,27,84,96,100,100,98,0,90,4.524,3.76,18,46,7.6,1,5,4.03,773,12.12,123,0,0,0,0,0,0,2.942,11.586,9.818,255,0.946,0.946,1.015,85.113
19.156,2012,80.5,1.2,0.991,27,84,96,100,100,98,0,90,5.328,4.572,18,46,8.9,1,5,4.03,773,12.24,123,0,0,0,0,0,0,3.588,11.981,10.214,255,0.952,0.952,1.009,85.665
19.203,1989,67.3,1.2,1,27,84,96,100,100,98,0,90,4.552,3.796,18,46,7.5,1,5,4.03,773,12.24,123,0,0,0,0,0,0,2.945,11.882,10.115,255,0.96,0.96,1,86.4
19.25,1989,55,1.2,0.996,27,84,96,100,100,98,0,90,3.872,3.116,18,47,6.4,1,5,4.03,773,12.24,123,0,0,0,0,0,0,2.417,12.179,10.413,255,0.956,0.956,1.004,86.032
19.297,2014,68.3,1.2,0.991,27,84,96,100,100,98,0,90,4.62,3.856,18,47,7.8,1,5,4.03,773,12.12,123,0,0,0,0,0,0,3.029,11.981,10.214,255,0.952,0.952,1.009,85.665
19.343,1985,81.3,1.2,0.996,27,84,96,100,100,98,0,90,5.344,4.588,18,47,8.8,1,5,4.03,773,12.24,123,0,0,0,0,0,0,3.552,12.179,10.413,255,0.956,0.956,1.004,86.032
19.39,2002,67.5,1.2,1.002,27,84,96,100,100,98,0,90,5.343,4.572,18,47,8.9,1,5,4.03,773,12,123,0,0,0,0,0,0,3.57,12.179,10.413,255,0.962,0.962,0.998,86.584
19.437,2021,67.5,1.2,0.991,27,84,96,100,100,98,0,90,4.584,3.828,18,46,7.7,1,5,4.03,773,12.24,123,0,0,0,0,0,0,3.017,11.685,9.917,255,0.952,0.952,1.009,85.665
19.484,1998,55.5,1.2,0.981,27,84,96,100,100,98,0,90,3.904,3.148,18,46,6.5,1,5,4.03,773,12.24,123,0,0,0,0,0,0,2.453,12.278,10.512,255,0.942,0.942,1.02,84.746
19.531,2031,67,1.2,0.991,27,84,96,100,100,98,0,90,4.552,3.796,18,47,7.7,1,5,4.03,773,12.24,123,0,0,0,0,0,0,3.007,12.376,10.611,255,0.952,0.952,1.009,85.665
19.578,1998,80.8,1.2,0.987,27,84,96,100,100,98,0,90,5.328,4.572,18,47,8.9,1,5,4.03,773,12.24,123,0,0,0,0,0,0,3.563,11.784,10.016,255,0.948,0.948,1.013,85.297
19.625,2002,67.3,1.2,0.987,27,84,96,100,100,98,0,90,4.56,3.796,18,46,7.6,1,5,4.03,773,12.12,123,0,0,0,0,0,0,2.964,11.685,9.917,255,0.948,0.948,1.013,85.297
19.672,1998,55,1.2,0.998,27,84,96,100,100,98,0,90,3.872,3.116,18,46,6.4,1,5,4.03,773,12.24,123,0,0,0,0,0,0,2.428,12.179,10.413,255,0.958,0.958,1.002,86.216
19.718,2010,67.8,1.2,1.002,27,84,96,100,100,98,0,90,4.592,3.828,18,46,7.7,1,5,4.03,773,12.12,123,0,0,0,0,0,0,3.001,11.981,10.214,255,0.962,0.962,0.998,86.584
19.765,1974,80.8,1.2,0.996,27,84,96,100,100,98,0,90,5.328,4.572,18,46,8.8,1,5,4.03,772,12.24,123,0,0,0,0,0,0,3.52,11.784,10.016,255,0.956,0.956,1.004,86.032
19.812,1979,80.8,1.2,0.991,27,84,96,100,100,98,0,90,5.336,4.572,18,46,8.8,1,5,4.03,773,12.12,123,0,0,0,0,0,0,3.529,12.278,10.512,255,0.952,0.952,1.009,85.665
19.859,1997,67.5,1.2,0.998,27,84,96,100,100,98,0,90,4.584,3.828,18,47,7.6,1,5,4.03,773,12.24,123,0,0,0,0,0,0,2.981,12.179,10.413,255,0.958,0.958,1.002,86.216
19.906,1974,55.5,1.2,1.002,27,84,96,100,100,98,0,90,3.904,3.148,18,47,6.4,1,5,4.03,773,12.24,123,0,0,0,0,0,0,2.424,12.673,10.908,255,0.962,0.962,0.998,86.584
19.953,1993,67.8,1.2,1,27,84,96,100,100,98,0,90,4.584,3.828,18,46,7.6,1,5,4.03,773,12.24,123,0,0,0,0,0,0,2.975,11.784,10.016,255,0.96,0.96,1,86.4
20,1988,81,1.2,0.996,27,84,96,100,100,98,0,90,5.344,4.588,18,46,8.9,1,5,4.03,773,12.24,123,0,0,0,0,0,0,3.557,12.475,10.71,255,0.956,0.956,1.004,86.032
20.047,1998,68,1.2,0.987,27,84,96,100,100,98,0,90,4.611,3.84,18,46,7.7,1,5,4.03,773,12,123,0,0,0,0,0,0,2.992,11.981,10.214,255,0.948,0.948,1.013,85.297
20.093,1991,55.3,1.2,0.985,27,84,96,100,100,98,0,90,3.86,3.104,18,46,6.4,1,5,4.03,773,12.24,123,0,0,0,0,0,0,2.41,11.981,10.214,255,0.946,0.946,1.015,85.113
20.14,2019,68,1.2,0.983,27,84,96,100,100,98,0,90,4.604,3.84,18,47,7.7,1,5,4.03,773,12.12,123,0,0,0,0,0,0,3.024,12.475,10.71,255,0.944,0.944,1.017,84.929
20.203,1992,67,1.2,0.983,27,84,95,100,100,98,0,90,4.52,3.764,18,47,7.5,1,5,4.03,773,12.24,123,0,0,0,0,0,0,2.924,11.882,10.115,255,0.934,0.934,1.017,84.045
20.25,2017,66,1.2,0.985,27,84,95,100,100,98,0,90,4.472,3.716,18,46,7.5,1,5,4.03,773,12.24,123,0,0,0,0,0,0,2.923,12.08,10.313,255,0.936,0.936,1.015,84.227
20.297,1987,80.3,1.2,0.981,27,84,95,100,100,98,0,90,5.236,4.48,18,46,8.7,1,5,4.03,773,12.24,123,0,0,0,0,0,0,3.472,12.179,10.413,255,0.932,0.932,1.02,83.863
20.343,1994,67.5,1.2,0.985,27,84,95,100,100,98,0,90,4.536,3.78,18,46,7.5,1,5,4.03,773,12.24,123,0,0,0,0,0,0,2.94,11.882,10.115,255,0.936,0.936,1.015,84.227
20.39,1989,55.5,1.2,0.989,27,84,95,100,100,98,0,90,3.864,3.108,18,46,6.4,1,5,4.03,773,12.24,123,0,0,0,0,0,0,2.411,12.475,10.71,255,0.94,0.94,1.011,84.59
20.437,1997,67.5,1.2,0.991,27,84,95,100,100,98,0,90,4.544,3.78,18,47,7.6,1,5,4.03,773,12.12,123,0,0,0,0,0,0,2.944,11.487,9.718,255,0.942,0.942,1.009,84.772
20.484,1977,81,1.2,0.987,27,84,95,100,100,98,0,90,5.288,4.532,18,47,8.7,1,5,4.03,772,12.24,123,0,0,0,0,0,0,3.494,12.179,10.413,255,0.938,0.938,1.013,84.409
20.531,1979,68.3,1.2,0.996,27,84,95,100,100,98,0,90,4.583,3.812,18,46,7.6,1,5,4.03,773,12,123,0,0,0,0,0,0,2.942,11.388,9.619,255,0.946,0.946,1.004,85.136
20.578,1973,55,1.2,0.996,27,84,95,100,100,98,0,90,3.836,3.08,18,46,6.3,1,5,4.03,772,12.24,123,0,0,0,0,0,0,2.37,12.179,10.413,255,0.946,0.946,1.004,85.136
20.625,1967,55.5,1.2,0.991,27,84,95,100,100,98,0,90,3.879,3.108,18,46,6.4,1,5,4.03,773,12,123,0,0,0,0,0,0,2.384,12.475,10.71,255,0.942,0.942,1.009,84.772
20.672,1998,67.3,1.2,0.996,27,84,95,100,100,98,0,90,4.512,3.748,18,46,7.5,1,5,4.03,773,12.12,123,0,0,0,0,0,0,2.921,11.981,10.214,255,0.946,0.946,1.004,85.136
20.718,1974,81,1.2,1.011,27,84,95,100,100,98,0,90,5.288,4.532,18,46,8.7,1,5,4.03,772,12.24,123,0,0,0,0,0,0,3.489,11.882,10.115,255,0.96,0.96,0.989,86.41
20.765,1988,67.8,1.2,1.011,27,84,95,100,100,98,0,90,4.536,3.78,18,47,7.5,1,5,4.03,773,12.24,123,0,0,0,0,0,0,2.931,11.981,10.214,255,0.96,0.96,0.989,86.41
20.812,1979,55.8,1.2,1.002,27,84,95,100,100,98,0,90,3.864,3.108,18,47,6.4,1,5,4.03,773,12.24,123,0,0,0,0,0,0,2.399,11.981,10.214,255,0.952,0.952,0.998,85.682
20.859,2011,68,1.2,0.998,27,84,95,100,100,98,0,90,4.583,3.812,18,46,7.7,1,5,4.03,772,12,123,0,0,0,0,0,0,2.99,12.475,10.71,255,0.948,0.948,1.002,85.318
20.906,1980,81.3,1.2,1,27,84,95,100,100,98,0,90,5.288,4.532,18,46,8.7,1,5,4.03,773,12.24,123,0,0,0,0,0,0,3.5,11.882,10.115,255,0.95,0.95,1,85.5
20.953,1979,67.8,1.2,1.011,27,84,95,100,100,98,0,90,4.544,3.78,18,47,7.5,1,5,4.03,773,12.12,123,0,0,0,0,0,0,2.917,11.882,10.115,255,0.96,0.96,0.989,86.41
21,1977,55.5,1.2,1.021,27,84,95,100,100,98,0,90,3.864,3.108,18,47,6.4,1,5,4.03,773,12.24,123,0,0,0,0,0,0,2.396,12.376,10.611,255,0.97,0.97,0.979,87.319
21.047,1998,68,1.2,1.019,27,84,95,100,100,98,0,90,4.592,3.828,18,47,7.6,1,5,4.03,773,12.12,123,0,0,0,0,0,0,2.983,11.487,9.718,255,0.968,0.968,0.981,87.137
21.093,2011,67.5,1.2,1.011,27,84,95,100,100,98,0,90,4.56,3.796,18,47,7.6,1,5,4.03,773,12.12,123,0,0,0,0,0,0,2.977,12.08,10.313,255,0.96,0.96,0.989,86.41
21.14,1976,81.3,1.2,1,27,84,95,100,100,98,0,90,5.304,4.548,18,46,8.7,1,5,4.03,773,12.24,123,0,0,0,0,0,0,3.505,12.278,10.512,255,0.95,0.95,1,85.5
21.187,1996,68.5,1.2,0.998,27,84,95,100,100,98,0,90,4.608,3.844,18,46,7.7,1,5,4.03,773,12.12,123,0,0,0,0,0,0,2.992,11.487,9.718,255,0.948,0.948,1.002,85.318
21.234,1986,54.8,1.2,1.009,27,84,95,100,100,98,0,90,3.812,3.056,18,47,6.3,1,5,4.03,773,12.24,123,0,0,0,0,0,0,2.367,12.179,10.413,255,0.958,0.958,0.992,86.228
21.281,2003,68.5,1.2,1.023,27,84,96,100,100,98,0,90,4.616,3.86,18,47,7.7,1,5,4.03,773,12.24,123,0,0,0,0,0,0,3.015,11.29,9.52,255,0.982,0.982,0.977,88.422
21.328,1967,81,1.2,1.019,27,84,96,100,100,98,0,90,5.332,4.568,18,47,8.7,1,5,4.03,773,12.12,123,0,0,0,0,0,0,3.504,11.981,10.214,255,0.978,0.978,0.981,88.054
21.375,2004,68,1.2,1.002,27,84,96,100,100,98,0,90,4.596,3.84,18,47,7.7,1,5,4.03,773,12.24,123,0,0,0,0,0,0,3.001,11.882,10.115,255,0.962,0.962,0.998,86.584
21.422,1988,55.5,1.2,1.009,27,84,96,100,100,98,0,90,3.907,3.136,18,46,6.5,1,5,4.03,773,12,123,0,0,0,0,0,0,2.431,11.784,10.016,255,0.968,0.968,0.992,87.135
21.468,1994,67.3,1.2,1.015,27,84,96,100,100,98,0,90,4.536,3.78,18,46,7.5,1,5,4.03,773,12.24,123,0,0,0,0,0,0,2.94,11.487,9.718,255,0.974,0.974,0.985,87.687
21.515,2003,67.5,1.2,1.009,27,84,96,100,100,98,0,90,4.576,3.812,18,46,7.6,1,5,4.03,773,12.12,123,0,0,0,0,0,0,2.978,12.179,10.413,255,0.968,0.968,0.992,87.135
21.562,1967,80.8,1.2,1.015,27,84,96,100,100,98,0,90,5.308,4.552,18,46,8.7,1,5,4.03,773,12.24,123,0,0,0,0,0,0,3.492,11.784,10.016,255,0.974,0.974,0.985,87.687
21.609,1992,67.8,1.2,1.002,27,84,96,100,100,98,0,90,4.568,3.812,18,46,7.6,1,5,4.03,773,12.24,123,0,0,0,0,0,0,2.961,11.388,9.619,255,0.962,0.962,0.998,86.584
21.656,1989,55.3,1.2,0.991,27,84,96,100,100,98,0,90,3.86,3.104,18,47,6.4,1,5,4.03,773,12.24,123,0,0,0,0,0,0,2.408,12.278,10.512,255,0.952,0.952,1.009,85.665
21.703,2006,67.5,1.2,1,27,84,96,100,100,98,0,90,4.568,3.812,18,47,7.6,1,5,4.03,773,12.24,123,0,0,0,0,0,0,2.982,11.388,9.619,255,0.96,0.96,1,86.4
21.75,1969,81.5,1.2,0.996,27,84,96,100,100,98,0,90,5.371,4.6,18,47,8.8,1,5,4.03,773,12,123,0,0,0,0,0,0,3.532,11.981,10.214,255,0.956,0.956,1.004,86.032
21.797,1997,68,1.2,0.991,27,84,96,100,100,98,0,90,4.596,3.84,18,47,7.6,1,5,4.03,773,12.24,123,0,0,0,0,0,0,2.991,11.981,10.214,255,0.952,0.952,1.009,85.665
21.843,1988,55,1.2,1.006,27,84,96,100,100,98,0,90,3.875,3.104,18,46,6.4,1,5,4.03,773,12,123,0,0,0,0,0,0,2.407,11.487,9.718,255,0.966,0.966,0.994,86.951
21.89,2002,67.5,1.2,1.015,27,84,96,100,100,98,0,90,4.576,3.812,18,46,7.6,1,5,4.03,773,12.12,123,0,0,0,0,0,0,2.976,12.08,10.313,255,0.974,0.974,0.985,87.687
21.937,2001,81,1.2,1.011,27,84,96,100,100,98,0,90,4.576,3.812,18,46,7.6,1,5,4.03,773,12.12,123,0,0,0,0,0,0,2.975,11.784,10.016,255,0.97,0.97,0.989,87.319
21.984,1979,81,1.2,1.011,27,84,96,100,100,98,0,90,5.324,4.568,18,46,8.8,1,5,4.03,773,12.24,123,0,0,0,0,0,0,3.526,12.475,10.71,255,0.97,0.97,0.989,87.319
22.031,1991,68,1.2,1.006,27,84,96,100,100,98,0,90,4.596,3.84,18,47,7.6,1,5,4.03,773,12.24,123,0,0,0,0,0,0,2.982,11.784,10.016,255,0.966,0.966,0.994,86.951
22.078,1983,55.5,1.2,1.006,27,84,96,100,100,98,0,90,3.892,3.136,18,47,6.4,1,5,4.03,773,12.24,123,0,0,0,0,0,0,2.425,12.08,10.313,255,0.966,0.966,0.994,86.951
22.125,2001,68.3,1.2,1.006,27,84,96,100,100,98,0,90,4.596,3.84,18,46,7.7,1,5,4.03,773,12.24,123,0,0,0,0,0,0,2.997,11.685,9.917,255,0.966,0.966,0.994,86.951
22.172,1987,80.8,1.2,1,27,84,96,100,100,98,0,90,5.308,4.552,18,46,8.8,1,5,4.03,773,12.24,123,0,0,0,0,0,0,3.527,12.278,10.512,255,0.96,0.96,1,86.4
22.234,1983,68,1.2,1.006,27,84,96,100,100,98,0,90,4.604,3.84,18,47,7.6,1,5,4.03,773,12.12,123,0,0,0,0,0,0,2.97,11.685,9.917,255,0.966,0.966,0.994,86.951
22.281,1994,68.3,1.2,1.011,27,84,96,100,100,98,0,90,4.596,3.84,18,47,7.6,1,5,4.03,773,12.24,123,0,0,0,0,0,0,2.986,11.685,9.917,255,0.97,0.97,0.989,87.319
22.328,1983,55.3,1.2,1.002,27,84,96,100,100,98,0,90,3.868,3.104,18,47,6.4,1,5,4.03,773,12.12,123,0,0,0,0,0,0,2.401,11.487,9.718,255,0.962,0.962,0.998,86.584
22.375,1985,54.8,1.2,0.998,27,84,96,100,100,98,0,90,3.824,3.068,18,47,6.3,1,5,4.03,773,12.24,123,0,0,0,0,0,0,2.375,11.784,10.016,255,0.958,0.958,1.002,86.216
22.422,2016,67.5,1.2,1,27,84,96,100,100,98,0,90,4.568,3.812,18,46,7.7,1,5,4.03,773,12.24,123,0,0,0,0,0,0,2.997,11.882,10.115,255,0.96,0.96,1,86.4
22.468,1977,80.5,1.2,1.015,27,84,96,100,100,98,0,90,5.308,4.552,18,46,8.7,1,5,4.03,773,12.24,123,0,0,0,0,0,0,3.51,12.179,10.413,255,0.974,0.974,0.985,87.687
22.515,1987,68,1.2,1.009,27,84,96,100,100,98,0,90,4.596,3.84,18,46,7.6,1,5,4.03,773,12.24,123,0,0,0,0,0,0,2.976,11.784,10.016,255,0.968,0.968,0.992,87.135
22.562,1972,55.8,1.2,1,27,84,96,100,100,98,0,90,3.9,3.136,18,47,6.4,1,5,4.03,773,12.12,123,0,0,0,0,0,0,2.412,12.475,10.71,255,0.96,0.96,1,86.4
22.609,1979,66.8,1.2,0.998,27,84,96,100,100,98,0,90,4.5,3.744,18,47,7.4,1,5,4.03,773,12.24,123,0,0,0,0,0,0,2.89,11.388,9.619,255,0.958,0.958,1.002,86.216
22.656,1965,80.8,1.2,1,27,84,96,100,100,98,0,90,5.308,4.552,18,47,8.7,1,5,4.03,773,12.24,123,0,0,0,0,0,0,3.488,12.278,10.512,255,0.96,0.96,1,86.4
22.703,2003,67.3,1.2,1,27,84,96,100,100,98,0,90,4.544,3.78,18,47,7.6,1,5,4.03,773,12.12,123,0,0,0,0,0,0,2.953,11.784,10.016,255,0.96,0.96,1,86.4
22.75,1993,55.3,1.2,0.998,27,84,96,100,100,98,0,90,3.86,3.104,18,47,6.4,1,5,4.03,773,12.24,123,0,0,0,0,0,0,2.413,11.784,10.016,255,0.958,0.958,1.002,86.216
22.797,1979,67.3,1.2,0.991,27,84,96,100,100,98,0,90,3.868,3.104,18,47,6.4,1,5,4.03,773,12.12,123,0,0,0,0,0,0,2.396,12.179,10.413,255,0.952,0.952,1.009,85.665
22.843,2008,68,1.2,0.996,27,84,96,100,100,98,0,90,4.596,3.84,18,47,7.7,1,5,4.03,773,12.24,123,0,0,0,0,0,0,3.007,11.882,10.115,255,0.956,0.956,1.004,86.032
22.89,1978,81.3,1.2,1.002,27,84,96,100,100,98,0,90,5.332,4.568,18,47,8.8,1,5,4.03,773,12.12,123,0,0,0,0,0,0,3.524,11.784,10.016,255,0.962,0.962,0.998,86.584
22.937,1976,68.3,1.2,1.002,27,84,96,100,100,98,0,90,4.596,3.84,18,47,7.6,1,5,4.03,773,12.24,123,0,0,0,0,0,0,2.959,11.586,9.818,255,0.962,0.962,0.998,86.584
22.984,1980,55,1.2,1.006,27,84,96,100,100,98,0,90,3.86,3.104,18,47,6.4,1,5,4.03,773,12.24,123,0,0,0,0,0,0,2.397,11.882,10.115,255,0.966,0.966,0.994,86.951
23.031,2003,69,1.2,1.006,27,84,96,100,100,98,0,90,4.648,3.892,18,47,7.8,1,5,4.03,773,12.24,123,0,0,0,0,0,0,3.04,11.685,9.917,255,0.966,0.966,0.994,86.951
23.078,1964,81.3,1.2,1.006,27,84,96,100,100,98,0,90,5.324,4.568,18,47,8.7,1,5,4.03,773,12.24,123,0,0,0,0,0,0,3.499,11.981,10.214,255,0.966,0.966,0.994,86.951
23.125,1986,68.8,1.2,1.015,27,84,96,100,100,98,0,90,4.624,3.86,18,46,7.7,1,5,4.03,773,12.12,123,0,0,0,0,0,0,2.99,11.784,10.016,255,0.974,0.974,0.985,87.687
23.172,1983,55.8,1.2,1.019,27,84,96,100,100,98,0,90,3.892,3.136,18,46,6.4,1,5,4.03,773,12.24,123,0,0,0,0,0,0,2.425,11.784,10.016,255,0.978,0.978,0.981,88.054
23.218,1996,66.8,1.2,1.006,27,84,96,100,100,98,0,90,4.515,3.744,18,46,7.5,1,5,4.03,773,12,123,0,0,0,0,0,0,2.914,11.487,9.718,255,0.966,0.966,0.994,86.951
23.265,1980,80.8,1.2,1.002,27,84,96,100,100,98,0,90,4.596,3.84,18,47,7.6,1,5,4.03,773,12.24,123,0,0,0,0,0,0,2.965,11.882,10.115,255,0.962,0.962,0.998,86.584
23.312,1976,81.3,1.2,1.009,27,84,96,100,100,98,0,90,5.339,4.568,18,47,8.8,1,5,4.03,773,12,123,0,0,0,0,0,0,3.52,12.376,10.611,255,0.968,0.968,0.992,87.135
23.359,2002,67.8,1.2,1.002,27,84,96,100,100,98,0,90,4.568,3.812,18,47,7.6,1,5,4.03,773,12.24,123,0,0,0,0,0,0,2.976,12.179,10.413,255,0.962,0.962,0.998,86.584
23.406,1969,55.5,1.2,0.998,27,84,96,100,100,98,0,90,3.892,3.136,18,47,6.4,1,5,4.03,773,12.24,123,0,0,0,0,0,0,2.408,11.981,10.214,255,0.958,0.958,1.002,86.216
23.468,1986,66.8,1.2,0.996,27,84,96,100,100,98,0,90,4.508,3.744,18,46,7.5,1,5,4.03,773,12.12,123,0,0,0,0,0,0,2.9,12.278,10.512,255,0.956,0.956,1.004,86.032
23.515,2003,67.5,1.2,0.996,27,84,96,100,100,98,0,90,4.576,3.812,18,46,7.6,1,5,4.03,773,12.12,123,0,0,0,0,0,0,2.978,11.685,9.917,255,0.956,0.956,1.004,86.032
23.562,1982,81,1.2,0.989,27,84,96,100,100,98,0,90,5.324,4.568,18,46,8.8,1,5,4.03,773,12.24,123,0,0,0,0,0,0,3.531,12.08,10.313,255,0.95,0.95,1.011,85.481
23.609,2010,68,1.2,0.989,27,84,96,100,100,98,0,90,4.596,3.84,18,46,7.7,1,5,4.03,773,12.24,123,0,0,0,0,0,0,3.01,11.388,9.619,255,0.95,0.95,1.011,85.481
23.656,1984,54.8,1.2,0.985,27,84,96,100,100,98,0,90,3.832,3.068,18,47,6.3,1,5,4.03,773,12.12,123,0,0,0,0,0,0,2.374,11.586,9.818,255,0.946,0.946,1.015,85.113
23.703,2003,68.3,1.2,0.983,27,84,96,100,100,98,0,90,4.604,3.84,18,47,7.7,1,5,4.03,773,12.12,123,0,0,0,0,0,0,3,12.376,10.611,255,0.944,0.944,1.017,84.929
23.75,2005,67.5,1.2,1,27,84,96,100,100,98,0,90,4.576,3.812,18,46,7.6,1,5,4.03,773,12.12,123,0,0,0,0,0,0,2.981,11.784,10.016,255,0.96,0.96,1,86.4
23.797,1975,80.8,1.2,1,27,84,96,100,100,98,0,90,5.308,4.552,18,46,8.7,1,5,4.03,773,12.24,123,0,0,0,0,0,0,3.506,11.981,10.214,255,0.96,0.96,1,86.4
23.843,1995,67.8,1.2,0.991,27,84,96,100,100,98,0,90,4.576,3.812,18,46,7.6,1,5,4.03,773,12.12,123,0,0,0,0,0,0,2.966,11.586,9.818,255,0.952,0.952,1.009,85.665
23.89,1978,55.3,1.2,0.981,27,84,96,100,100,98,0,90,3.86,3.104,18,46,6.4,1,5,4.03,773,12.24,123,0,0,0,0,0,0,2.394,12.179,10.413,255,0.942,0.942,1.02,84.746
23.937,1980,68,1.2,0.983,27,84,96,100,100,98,0,90,4.596,3.84,18,47,7.6,1,5,4.03,773,12.24,123,0,0,0,0,0,0,2.965,12.08,10.313,255,0.944,0.944,1.017,84.929
23.984,1976,81,1.2,0.996,27,84,96,100,100,98,0,90,5.324,4.568,18,47,8.8,1,5,4.03,773,12.24,123,0,0,0,0,0,0,3.52,12.278,10.512,255,0.956,0.956,1.004,86.032
24.031,1981,68.8,1.2,1,27,84,96,100,100,98,0,90,4.616,3.86,18,47,7.6,1,5,4.03,773,12.24,123,0,0,0,0,0,0,2.982,12.08,10.313,255,0.96,0.96,1,86.4
24.078,1963,55.3,1.2,0.987,27,84,96,100,100,98,0,90,3.868,3.104,18,47,6.3,1,5,4.03,773,12.12,123,0,0,0,0,0,0,2.376,12.278,10.512,255,0.948,0.948,1.013,85.297
24.125,1985,67,1.2,0.996,27,84,96,100,100,98,0,90,4.536,3.78,18,47,7.5,1,5,4.03,773,12.24,123,0,0,0,0,0,0,2.926,12.278,10.512,255,0.956,0.956,1.004,86.032
24.172,1975,81.3,1.2,1.006,27,84,96,100,100,98,0,90,5.339,4.568,18,47,8.8,1,5,4.03,773,12,123,0,0,0,0,0,0,3.519,11.586,9.818,255,0.966,0.966,0.994,86.951
24.218,1964,81.3,1.2,1.009,27,84,96,100,100,98,0,90,5.324,4.568,18,47,8.7,1,5,4.03,773,12.24,123,0,0,0,0,0,0,3.499,12.376,10.611,255,0.968,0.968,0.992,87.135
24.265,1981,68.5,1.2,1.015,27,84,96,100,100,98,0,90,4.624,3.86,18,47,7.6,1,5,4.03,773,12.12,123,0,0,0,0,0,0,2.982,11.685,9.917,255,0.974,0.974,0.985,87.687
24.312,1974,55.3,1.2,1.015,27,84,96,100,100,98,0,90,3.86,3.104,18,47,6.3,1,5,4.03,773,12.24,123,0,0,0,0,0,0,2.39,12.179,10.413,255,0.974,0.974,0.985,87.687
24.359,2003,67.5,1.2,1.021,27,84,96,100,100,98,0,90,4.584,3.828,18,47,7.7,1,5,4.03,773,12.24,123,0,0,0,0,0,0,2.99,11.586,9.818,255,0.98,0.98,0.979,88.238
24.406,1961,81.5,1.2,1.006,27,84,96,100,100,98,0,90,5.38,4.616,18,47,8.8,1,5,4.03,773,12.12,123,0,0,0,0,0,0,3.53,12.179,10.413,255,0.966,0.966,0.994,86.951
24.453,1988,68.8,1.2,0.996,27,84,96,100,100,98,0,90,4.632,3.876,18,46,7.7,1,5,4.03,773,12.24,123,0,0,0,0,0,0,3.005,11.685,9.917,255,0.956,0.956,1.004,86.032
24.5,1978,55.8,1.2,1.002,27,84,96,100,100,98,0,90,3.904,3.148,18,46,6.4,1,5,4.03,774,12.24,123,0,0,0,0,0,0,2.428,11.882,10.115,255,0.962,0.962,0.998,86.584
24.547,1986,68,1.2,1.009,27,84,96,100,100,98,0,90,4.62,3.856,18,47,7.6,1,5,4.03,773,12.12,123,0,0,0,0,0,0,2.987,12.179,10.413,255,0.968,0.968,0.992,87.135
24.593,1982,80.8,1.2,1.006,27,84,96,100,100,98,0,90,5.328,4.572,18,47,8.8,1,5,4.03,773,12.24,123,0,0,0,0,0,0,3.534,11.981,10.214,255,0.966,0.966,0.994,86.951
24.64,1996,67.5,1.2,1,27,84,96,100,100,98,0,90,4.592,3.828,18,47,7.6,1,5,4.03,773,12.12,123,0,0,0,0,0,0,2.98,12.08,10.313,255,0.96,0.96,1,86.4
24.687,1992,68,1.2,0.989,27,84,96,100,100,98,0,90,4.612,3.856,18,47,7.7,1,5,4.03,773,12.24,123,0,0,0,0,0,0,2.996,11.388,9.619,255,0.95,0.95,1.011,85.481
24.734,1976,55.3,1.2,1.002,27,84,96,100,100,98,0,90,3.872,3.116,18,46,6.4,1,5,4.03,773,12.24,123,0,0,0,0,0,0,2.401,11.882,10.115,255,0.962,0.962,0.998,86.584
24.781,2006,67.3,1.2,1.002,27,84,96,100,100,98,0,90,4.552,3.796,18,46,7.6,1,5,4.03,773,12.24,123,0,0,0,0,0,0,2.97,11.586,9.818,255,0.962,0.962,0.998,86.584
24.828,1987,81.3,1.2,0.989,27,84,96,100,100,98,0,90,5.344,4.588,18,47,8.8,1,5,4.03,773,12.24,123,0,0,0,0,0,0,3.555,11.586,9.818,255,0.95,0.95,1.011,85.481
24.875,2004,67.8,1.2,0.991,27,84,96,100,100,98,0,90,4.584,3.828,18,47,7.7,1,5,4.03,774,12.24,123,0,0,0,0,0,0,2.992,11.882,10.115,255,0.952,0.952,1.009,85.665
24.922,1971,55,1.2,0.991,27,84,96,100,100,98,0,90,3.872,3.116,18,47,6.4,1,5,4.03,773,12.24,123,0,0,0,0,0,0,2.395,11.487,9.718,255,0.952,0.952,1.009,85.665
24.968,1982,67.5,1.2,0.987,27,84,96,100,100,98,0,90,4.576,3.812,18,47,7.6,1,5,4.03,774,12.12,123,0,0,0,0,0,0,2.947,11.981,10.214,255,0.948,0.948,1.013,85.297
25.015,1969,81,1.2,0.996,27,84,96,100,100,98,0,90,5.324,4.568,18,47,8.7,1,5,4.03,773,12.24,123,0,0,0,0,0,0,3.508,11.981,10.214,255,0.956,0.956,1.004,86.032
25.062,1996,68.3,1.2,1.002,27,84,96,100,100,98,0,90,4.604,3.84,18,46,7.7,1,5,4.03,773,12.12,123,0,0,0,0,0,0,2.989,11.388,9.619,255,0.962,0.962,0.998,86.584
25.109,1973,55.8,1.2,1.002,27,84,96,100,100,98,0,90,3.892,3.136,18,46,6.4,1,5,4.03,773,12.24,123,0,0,0,0,0,0,2.413,11.29,9.52,255,0.962,0.962,0.998,86.584
25.156,1971,55.8,1.2,1.006,27,84,96,100,100,98,0,90,3.907,3.136,18,47,6.4,1,5,4.03,773,12,123,0,0,0,0,0,0,2.411,11.981,10.214,255,0.966,0.966,0.994,86.951
25.203,2008,67.8,1.2,1.002,27,84,96,100,100,98,0,90,4.568,3.812,18,47,7.6,1,5,4.03,773,12.24,123,0,0,0,0,0,0,2.985,11.882,10.115,255,0.962,0.962,0.998,86.584
25.25,2000,81,1.2,0.987,27,84,96,100,100,98,0,90,5.324,4.568,18,47,8.9,1,5,4.03,774,12.24,123,0,0,0,0,0,0,3.563,12.475,10.71,255,0.948,0.948,1.013,85.297
25.297,1997,67.8,1.2,0.989,27,84,96,100,100,98,0,90,4.568,3.812,18,47,7.6,1,5,4.03,773,12.24,123,0,0,0,0,0,0,2.969,11.882,10.115,255,0.95,0.95,1.011,85.481
25.343,1976,55,1.2,0.989,27,84,96,100,100,98,0,90,3.86,3.104,18,46,6.4,1,5,4.03,774,12.24,123,0,0,0,0,0,0,2.392,11.882,10.115,255,0.95,0.95,1.011,85.481
25.39,2010,67.5,1.2,0.991,27,84,96,100,100,98,0,90,4.583,3.812,18,46,7.7,1,5,4.03,773,12,123,0,0,0,0,0,0,2.988,12.08,10.313,255,0.952,0.952,1.009,85.665
25.437,1997,80.5,1.2,0.991,27,84,96,100,100,98,0,90,5.308,4.552,18,47,8.8,1,5,4.03,774,12.24,123,0,0,0,0,0,0,3.545,11.882,10.115,255,0.952,0.952,1.009,85.665
25.484,1992,67.3,1.2,0.996,27,84,96,100,100,98,0,90,4.551,3.78,18,47,7.6,1,5,4.03,773,12,123,0,0,0,0,0,0,2.937,11.586,9.818,255,0.956,0.956,1.004,86.032
25.531,1988,55.3,1.2,0.991,27,84,96,100,100,98,0,90,3.86,3.104,18,47,6.4,1,5,4.03,774,12.24,123,0,0,0,0,0,0,2.407,11.586,9.818,255,0.952,0.952,1.009,85.665
25.578,1985,55.5,1.2,0.987,27,84,96,100,100,98,0,90,3.9,3.136,18,47,6.5,1,5,4.03,773,12.12,123,0,0,0,0,0,0,2.428,11.586,9.818,255,0.948,0.948,1.013,85.297
25.625,2021,67.8,1.2,0.996,27,84,96,100,100,98,0,90,4.568,3.812,18,46,7.7,1,5,4.03,773,12.24,123,0,0,0,0,0,0,3.005,11.487,9.718,255,0.956,0.956,1.004,86.032
25.672,2007,80.5,1.2,0.991,27,84,96,100,100,98,0,90,5.308,4.552,18,46,8.9,1,5,4.03,774,12.24,123,0,0,0,0,0,0,3.563,11.981,10.214,255,0.952,0.952,1.009,85.665
25.718,2014,67.5,1.2,0.989,27,84,96,100,100,98,0,90,4.568,3.812,18,46,7.7,1,5,4.03,774,12.24,123,0,0,0,0,0,0,2.994,11.388,9.619,255,0.95,0.95,1.011,85.481
25.765,1998,55,1.2,0.989,27,84,96,100,100,98,0,90,3.86,3.104,18,47,6.4,1,5,4.03,774,12.24,123,0,0,0,0,0,0,2.419,11.882,10.115,255,0.95,0.95,1.011,85.481
25.812,2006,66.8,1.2,0.996,27,84,96,100,100,98,0,90,4.508,3.744,18,47,7.5,1,5,4.03,773,12.12,123,0,0,0,0,0,0,2.929,11.784,10.016,255,0.956,0.956,1.004,86.032
25.859,2009,80,1.2,0.998,27,84,96,100,100,98,0,90,5.276,4.52,18,46,8.8,1,5,4.03,774,12.24,123,0,0,0,0,0,0,3.541,11.685,9.917,255,0.958,0.958,1.002,86.216
25.906,2000,80.3,1.2,1.002,27,84,96,100,100,98,0,90,5.276,4.52,18,46,8.8,1,5,4.03,774,12.24,123,0,0,0,0,0,0,3.526,11.882,10.115,255,0.962,0.962,0.998,86.584
25.953,2026,67.5,1.2,0.991,27,84,96,100,100,98,0,90,4.568,3.812,18,46,7.7,1,5,4.03,774,12.24,123,0,0,0,0,0,0,3.012,11.586,9.818,255,0.952,0.952,1.009,85.665
26,2018,55.3,1.2,0.981,27,84,96,100,100,98,0,90,3.868,3.104,18,46,6.5,1,5,4.03,774,12.12,123,0,0,0,0,0,0,2.443,12.376,10.611,255,0.942,0.942,1.02,84.746
26.047,2031,67.8,1.2,0.983,27,84,95,100,100,98,0,90,4.568,3.812,18,47,7.7,1,5,4.03,774,12.24,123,0,0,0,0,0,0,3.019,11.685,9.917,255,0.934,0.934,1.017,84.045
26.093,1992,80.8,1.2,0.989,27,84,95,100,100,98,0,90,5.307,4.536,18,47,8.8,1,5,4.03,773,12,123,0,0,0,0,0,0,3.524,12.376,10.611,255,0.94,0.94,1.011,84.59
26.14,2005,67,1.2,0.991,27,84,95,100,100,98,0,90,4.52,3.764,18,47,7.6,1,5,4.03,774,12.24,123,0,0,0,0,0,0,2.943,12.08,10.313,255,0.942,0.942,1.009,84.772
26.187,1994,54.5,1.2,0.998,27,84,95,100,100,98,0,90,3.827,3.056,18,47,6.4,1,5,4.03,774,12,123,0,0,0,0,0,0,2.377,11.882,10.115,255,0.948,0.948,1.002,85.318
26.234,2008,54.8,1.2,0.991,27,84,95,100,100,98,0,90,3.812,3.056,18,46,6.4,1,5,4.03,774,12.24,123,0,0,0,0,0,0,2.393,12.475,10.71,255,0.942,0.942,1.009,84.772
26.281,2036,67,1.2,0.987,27,84,95,100,100,98,0,90,4.52,3.764,18,46,7.7,1,5,4.03,774,12.24,123,0,0,0,0,0,0,2.989,12.179,10.413,255,0.938,0.938,1.013,84.409
26.328,2027,80.5,1.2,0.987,27,84,95,100,100,98,0,90,5.292,4.536,18,46,8.9,1,5,4.03,774,12.24,123,0,0,0,0,0,0,3.586,12.179,10.413,255,0.938,0.938,1.013,84.409
26.375,2008,67.3,1.2,0.991,27,84,95,100,100,98,0,90,4.52,3.764,18,46,7.6,1,5,4.03,774,12.24,123,0,0,0,0,0,0,2.948,11.882,10.115,255,0.942,0.942,1.009,84.772
26.422,2013,54.5,1.2,0.989,27,84,95,100,100,98,0,90,3.82,3.056,18,47,6.4,1,5,4.03,774,12.12,123,0,0,0,0,0,0,2.399,12.772,11.008,255,0.94,0.94,1.011,84.59
26.468,2045,66.8,1.2,0.987,27,84,95,100,100,98,0,90,4.496,3.732,18,47,7.7,1,5,4.03,774,12.12,123,0,0,0,0,0,0,2.976,12.08,10.313,255,0.938,0.938,1.013,84.409
26.515,2031,68.8,1.2,0.989,27,84,95,100,100,98,0,90,4.608,3.844,18,47,7.8,1,5,4.03,774,12.12,123,0,0,0,0,0,0,3.045,11.981,10.214,255,0.94,0.94,1.011,84.59
26.562,1996,80.3,1.2,0.998,27,84,95,100,100,98,0,90,5.256,4.5,18,46,8.7,1,5,4.03,774,12.24,123,0,0,0,0,0,0,3.503,12.278,10.512,255,0.948,0.948,1.002,85.318
26.609,2025,67.8,1.2,1.006,27,84,95,100,100,98,0,90,4.56,3.796,18,46,7.7,1,5,4.03,774,12.12,123,0,0,0,0,0,0,2.998,12.08,10.313,255,0.956,0.956,0.994,86.046
26.656,2017,55,1.2,0.996,27,84,95,100,100,98,0,90,3.848,3.092,18,47,6.5,1,5,4.03,774,12.24,123,0,0,0,0,0,0,2.432,12.179,10.413,255,0.946,0.946,1.004,85.136
26.703,2031,66.8,1.2,0.989,27,84,95,100,100,98,0,90,4.496,3.732,18,47,7.6,1,5,4.03,774,12.12,123,0,0,0,0,0,0,2.956,11.882,10.115,255,0.94,0.94,1.011,84.59
26.75,2008,81,1.2,0.989,27,84,95,100,100,98,0,90,5.304,4.548,18,46,8.9,1,5,4.03,774,12.24,123,0,0,0,0,0,0,3.562,11.784,10.016,255,0.94,0.94,1.011,84.59
26.797,2040,67,1.2,0.989,27,84,95,100,100,98,0,90,4.528,3.764,18,46,7.7,1,5,4.03,774,12.12,123,0,0,0,0,0,0,2.995,12.376,10.611,255,0.94,0.94,1.011,84.59
26.843,2013,67,1.2,0.998,27,84,95,100,100,98,0,90,4.52,3.764,18,46,7.6,1,5,4.03,774,12.24,123,0,0,0,0,0,0,2.955,11.388,9.619,255,0.948,0.948,1.002,85.318
26.906,2007,55.5,1.2,1,27,84,95,100,100,98,0,90,3.876,3.12,18,46,6.5,1,5,4.03,774,12.24,123,0,0,0,0,0,0,2.442,12.871,11.107,255,0.95,0.95,1,85.5
26.968,2004,55.3,1.2,1.002,27,84,95,100,100,98,0,90,3.848,3.092,18,47,6.4,1,5,4.03,774,12.24,123,0,0,0,0,0,0,2.417,12.08,10.313,255,0.952,0.952,0.998,85.682
27.015,1998,55.3,1.2,0.996,27,84,95,100,100,98,0,90,3.848,3.092,18,47,6.4,1,5,4.03,774,12.24,123,0,0,0,0,0,0,2.409,11.586,9.818,255,0.946,0.946,1.004,85.136
27.062,2029,66.8,1.2,0.989,27,84,95,100,100,98,0,90,4.488,3.732,18,46,7.6,1,5,4.03,774,12.24,123,0,0,0,0,0,0,2.953,12.179,10.413,255,0.94,0.94,1.011,84.59
27.109,2008,80.5,1.2,0.996,27,84,95,100,100,98,0,90,5.3,4.536,18,46,8.9,1,5,4.03,774,12.12,123,0,0,0,0,0,0,3.552,11.882,10.115,255,0.946,0.946,1.004,85.136
27.156,1983,67.3,1.2,0.996,27,84,95,100,100,98,0,90,5.256,4.5,18,47,8.7,1,5,4.03,774,12.24,123,0,0,0,0,0,0,3.48,11.882,10.115,255,0.946,0.946,1.004,85.136
27.203,2009,67.3,1.2,0.996,27,84,95,100,100,98,0,90,4.52,3.764,18,47,7.6,1,5,4.03,774,12.24,123,0,0,0,0,0,0,2.949,11.685,9.917,255,0.946,0.946,1.004,85.136
27.25,1994,55.5,1.2,0.998,27,84,95,100,100,98,0,90,3.876,3.12,18,47,6.4,1,5,4.03,774,12.24,123,0,0,0,0,0,0,2.426,12.179,10.413,255,0.948,0.948,1.002,85.318
27.297,2023,67,1.2,1.006,27,84,95,100,100,98,0,90,4.52,3.764,18,47,7.6,1,5,4.03,774,12.24,123,0,0,0,0,0,0,2.97,11.784,10.016,255,0.956,0.956,0.994,86.046
27.343,2012,80.5,1.2,1.009,27,84,95,100,100,98,0,90,5.307,4.536,18,46,8.9,1,5,4.03,774,12,123,0,0,0,0,0,0,3.559,11.882,10.115,255,0.958,0.958,0.992,86.228
27.39,2003,67.3,1.2,1.009,27,84,95,100,100,98,0,90,4.52,3.764,18,46,7.5,1,5,4.03,774,12.24,123,0,0,0,0,0,0,2.94,12.179,10.413,255,0.958,0.958,0.992,86.228
27.437,1996,55,1.2,1.002,27,84,95,100,100,98,0,90,3.856,3.092,18,46,6.4,1,5,4.03,774,12.12,123,0,0,0,0,0,0,2.407,11.487,9.718,255,0.952,0.952,0.998,85.682
27.484,2016,67.3,1.2,0.998,27,84,95,100,100,98,0,90,3.812,3.056,18,46,6.4,1,5,4.03,774,12.24,123,0,0,0,0,0,0,2.403,12.278,10.512,255,0.948,0.948,1.002,85.318
27.531,2029,68,1.2,0.991,27,84,95,100,100,98,0,90,4.592,3.828,18,47,7.8,1,5,4.03,774,12.12,123,0,0,0,0,0,0,3.029,11.981,10.214,255,0.942,0.942,1.009,84.772
27.578,2006,80.3,1.2,0.985,27,84,95,100,100,98,0,90,5.256,4.5,18,47,8.8,1,5,4.03,774,12.24,123,0,0,0,0,0,0,3.521,12.475,10.71,255,0.936,0.936,1.015,84.227
27.625,2012,67.3,1.2,0.985,27,84,95,100,100,98,0,90,4.528,3.764,18,46,7.6,1,5,4.03,774,12.12,123,0,0,0,0,0,0,2.954,11.784,10.016,255,0.936,0.936,1.015,84.227
27.672,2001,55,1.2,0.989,27,84,95,100,100,98,0,90,3.848,3.092,18,46,6.4,1,5,4.03,774,12.24,123,0,0,0,0,0,0,2.413,12.574,10.809,255,0.94,0.94,1.011,84.59
27.718,2028,67.5,1.2,0.987,27,84,95,100,100,98,0,90,4.56,3.796,18,46,7.7,1,5,4.03,774,12.12,123,0,0,0,0,0,0,3.002,12.179,10.413,255,0.938,0.938,1.013,84.409
27.765,2021,80.5,1.2,0.987,27,84,95,100,100,98,0,90,5.292,4.536,18,46,8.9,1,5,4.03,774,12.24,123,0,0,0,0,0,0,3.575,13.068,11.305,255,0.938,0.938,1.013,84.409
27.812,2006,80,1.2,0.987,27,84,95,100,100,98,0,90,5.271,4.5,18,46,8.8,1,5,4.03,774,12,123,0,0,0,0,0,0,3.521,11.882,10.115,255,0.938,0.938,1.013,84.409
27.859,2011,67.3,1.2,1,27,84,95,100,100,98,0,90,4.528,3.764,18,47,7.6,1,5,4.03,774,12.12,123,0,0,0,0,0,0,2.952,12.179,10.413,255,0.95,0.95,1,85.5
27.906,1993,55,1.2,1.011,27,84,95,100,100,98,0,90,3.848,3.092,18,47,6.4,1,5,4.03,774,12.24,123,0,0,0,0,0,0,2.403,11.981,10.214,255,0.96,0.96,0.989,86.41
27.953,2028,67.5,1.2,1.009,27,84,95,100,100,98,0,90,4.552,3.796,18,46,7.7,1,5,4.03,774,12.24,123,0,0,0,0,0,0,3.002,11.882,10.115,255,0.958,0.958,0.992,86.228
28,2003,80.3,1.2,0.998,27,84,95,100,100,98,0,90,5.256,4.5,18,46,8.8,1,5,4.03,774,12.24,123,0,0,0,0,0,0,3.515,12.179,10.413,255,0.948,0.948,1.002,85.318
28.047,1998,67.5,1.2,1,27,84,95,100,100,98,0,90,4.56,3.796,18,47,7.6,1,5,4.03,774,12.12,123,0,0,0,0,0,0,2.958,12.278,10.512,255,0.95,0.95,1,85.5
28.093,1985,55.5,1.2,1.011,27,84,95,100,100,98,0,90,3.876,3.12,18,47,6.4,1,5,4.03,774,12.24,123,0,0,0,0,0,0,2.415,11.685,9.917,255,0.96,0.96,0.989,86.41
28.14,2018,68.5,1.2,1.002,27,84,95,100,100,98,0,90,4.615,3.844,18,47,7.8,1,5,4.03,774,12,123,0,0,0,0,0,0,3.025,12.08,10.313,255,0.952,0.952,0.998,85.682
28.187,1974,81.3,1.2,1,27,84,95,100,100,98,0,90,4.584,3.828,18,47,7.5,1,5,4.03,774,12.24,123,0,0,0,0,0,0,2.947,11.784,10.016,255,0.95,0.95,1,85.5
28.234,1960,80.8,1.2,1.015,27,84,95,100,100,98,0,90,5.307,4.536,18,46,8.7,1,5,4.03,774,12,123,0,0,0,0,0,0,3.467,12.278,10.512,255,0.964,0.964,0.985,86.773
28.281,1984,68.3,1.2,1.011,27,84,95,100,100,98,0,90,4.592,3.828,18,46,7.6,1,5,4.03,774,12.12,123,0,0,0,0,0,0,2.962,11.784,10.016,255,0.96,0.96,0.989,86.41
28.328,1972,55.5,1.2,1.002,27,84,95,100,100,98,0,90,3.876,3.12,18,47,6.4,1,5,4.03,774,12.24,123,0,0,0,0,0,0,2.4,12.278,10.512,255,0.952,0.952,0.998,85.682
28.375,2005,68,1.2,1.009,27,84,95,100,100,98,0,90,4.592,3.828,18,47,7.7,1,5,4.03,774,12.12,123,0,0,0,0,0,0,2.993,11.29,9.52,255,0.958,0.958,0.992,86.228
28.422,1983,81,1.2,1.021,27,84,95,100,100,98,0,90,5.304,4.548,18,47,8.8,1,5,4.03,774,12.24,123,0,0,0,0,0,0,3.517,11.882,10.115,255,0.97,0.97,0.979,87.319
28.468,1979,68.5,1.2,1.019,27,84,95,100,100,98,0,90,4.608,3.844,18,47,7.6,1,5,4.03,774,12.12,123,0,0,0,0,0,0,2.967,11.586,9.818,255,0.968,0.968,0.981,87.137
28.515,1966,56,1.2,1.009,27,84,95,100,100,98,0,90,3.892,3.136,18,47,6.4,1,5,4.03,774,12.24,123,0,0,0,0,0,0,2.404,11.882,10.115,255,0.958,0.958,0.992,86.228
28.562,1981,66.8,1.2,1.002,27,84,95,100,100,98,0,90,4.496,3.732,18,46,7.4,1,5,4.03,774,12.12,123,0,0,0,0,0,0,2.883,11.586,9.818,255,0.952,0.952,0.998,85.682
28.609,1976,80.8,1.2,1.015,27,84,95,100,100,98,0,90,5.3,4.536,18,46,8.7,1,5,4.03,774,12.12,123,0,0,0,0,0,0,3.496,11.685,9.917,255,0.964,0.964,0.985,86.773
28.656,1968,67.8,1.2,1.021,27,84,96,100,100,98,0,90,5.308,4.552,18,47,8.7,1,5,4.03,774,12.24,123,0,0,0,0,0,0,3.494,11.882,10.115,255,0.98,0.98,0.979,88.238
28.703,1986,68,1.2,0.998,27,84,96,100,100,98,0,90,4.604,3.84,18,47,7.6,1,5,4.03,774,12.12,123,0,0,0,0,0,0,2.974,11.685,9.917,255,0.958,0.958,1.002,86.216
28.75,1977,55.3,1.2,0.998,27,84,96,100,100,98,0,90,3.86,3.104,18,47,6.4,1,5,4.03,774,12.24,123,0,0,0,0,0,0,2.393,12.08,10.313,255,0.958,0.958,1.002,86.216
28.797,1972,67,1.2,1.006,27,84,96,100,100,98,0,90,4.536,3.78,18,47,7.5,1,5,4.03,774,12.24,123,0,0,0,0,0,0,2.907,11.388,9.619,255,0.966,0.966,0.994,86.951
28.843,1960,81.8,1.2,1.021,27,84,96,100,100,98,0,90,5.356,4.6,18,47,8.7,1,5,4.03,774,12.24,123,0,0,0,0,0,0,3.516,12.475,10.71,255,0.98,0.98,0.979,88.238
28.89,1986,68.5,1.2,1.023,27,84,96,100,100,98,0,90,4.632,3.876,18,47,7.7,1,5,4.03,774,12.24,123,0,0,0,0,0,0,3.002,11.586,9.818,255,0.982,0.982,0.977,88.422
28.937,1987,55.3,1.2,1.015,27,84,96,100,100,98,0,90,3.887,3.116,18,47,6.4,1,5,4.03,774,12,123,0,0,0,0,0,0,2.415,11.784,10.016,255,0.974,0.974,0.985,87.687
28.984,2002,67,1.2,1.009,27,84,96,100,100,98,0,90,4.552,3.796,18,47,7.6,1,5,4.03,774,12.24,123,0,0,0,0,0,0,2.964,11.487,9.718,255,0.968,0.968,0.992,87.135
29.031,1974,81,1.2,1.006,27,84,96,100,100,98,0,90,5.352,4.588,18,47,8.8,1,5,4.03,774,12.12,123,0,0,0,0,0,0,3.532,11.882,10.115,255,0.966,0.966,0.994,86.951
29.078,1995,68.3,1.2,1.002,27,84,96,100,100,98,0,90,4.62,3.856,18,47,7.7,1,5,4.03,774,12.12,123,0,0,0,0,0,0,3,12.08,10.313,255,0.962,0.962,0.998,86.584
29.125,1972,55.5,1.2,1.006,27,84,96,100,100,98,0,90,3.912,3.148,18,47,6.4,1,5,4.03,774,12.12,123,0,0,0,0,0,0,2.421,12.179,10.413,255,0.966,0.966,0.994,86.951
29.172,1993,55.3,1.2,1.011,27,84,96,100,100,98,0,90,3.872,3.116,18,47,6.4,1,5,4.03,774,12.24,123,0,0,0,0,0,0,2.422,11.981,10.214,255,0.97,0.97,0.989,87.319
29.218,1994,67,1.2,1.011,27,84,96,100,100,98,0,90,4.552,3.796,18,47,7.6,1,5,4.03,774,12.24,123,0,0,0,0,0,0,2.952,11.388,9.619,255,0.97,0.97,0.989,87.319
29.265,1974,80.8,1.2,1.002,27,84,96,100,100,98,0,90,5.336,4.572,18,46,8.8,1,5,4.03,774,12.12,123,0,0,0,0,0,0,3.52,12.08,10.313,255,0.962,0.962,0.998,86.584
29.312,2013,67.5,1.2,1.006,27,84,96,100,100,98,0,90,4.584,3.828,18,46,7.7,1,5,4.03,774,12.24,123,0,0,0,0,0,0,3.005,11.487,9.718,255,0.966,0.966,0.994,86.951
29.359,1993,55,1.2,1.002,27,84,96,100,100,98,0,90,3.88,3.116,18,46,6.4,1,5,4.03,774,12.12,123,0,0,0,0,0,0,2.422,12.08,10.313,255,0.962,0.962,0.998,86.584
29.406,1996,66.3,1.2,1.002,27,84,96,100,100,98,0,90,4.5,3.744,18,46,7.5,1,5,4.03,774,12.24,123,0,0,0,0,0,0,2.914,11.784,10.016,255,0.962,0.962,0.998,86.584
29.453,1994,80.3,1.2,1.002,27,84,96,100,100,98,0,90,5.3,4.536,18,46,8.8,1,5,4.03,774,12.12,123,0,0,0,0,0,0,3.527,11.981,10.214,255,0.962,0.962,0.998,86.584
29.5,2027,68,1.2,0.996,27,84,96,100,100,98,0,90,4.62,3.856,18,46,7.8,1,5,4.03,774,12.12,123,0,0,0,0,0,0,3.048,12.179,10.413,255,0.956,0.956,1.004,86.032
29.547,2005,67.3,1.2,1.002,27,84,96,100,100,98,0,90,4.567,3.796,18,46,7.6,1,5,4.03,774,12,123,0,0,0,0,0,0,2.968,11.487,9.718,255,0.962,0.962,0.998,86.584
29.593,2002,55.8,1.2,0.996,27,84,96,100,100,98,0,90,3.904,3.148,18,46,6.5,1,5,4.03,774,12.24,123,0,0,0,0,0,0,2.458,12.969,11.206,255,0.956,0.956,1.004,86.032
29.64,2015,67.5,1.2,0.996,27,84,96,100,100,98,0,90,4.584,3.828,18,47,7.7,1,5,4.03,774,12.24,123,0,0,0,0,0,0,3.008,11.784,10.016,255,0.956,0.956,1.004,86.032
29.687,1979,80.5,1.2,0.991,27,84,96,100,100,98,0,90,5.336,4.572,18,47,8.8,1,5,4.03,774,12.12,123,0,0,0,0,0,0,3.529,12.278,10.512,255,0.952,0.952,1.009,85.665
29.734,1998,67.5,1.2,0.998,27,84,96,100,100,98,0,90,4.584,3.828,18,47,7.6,1,5,4.03,774,12.24,123,0,0,0,0,0,0,2.983,11.685,9.917,255,0.958,0.958,1.002,86.216
